spkid,H,diameter,e,a,q,i,ad,albedo,spec_B,main_class
20000003,5.18,246.596,0.2561,2.67,1.986,12.99,3.35,0.214,Sk,S-type
20000005,6.99,106.699,0.1873,2.576,2.094,5.36,3.06,0.274,S,S-type
20000006,5.61,185.18,0.2024,2.426,1.935,14.73,2.92,0.2679,S,S-type
20000007,5.64,199.83,0.2299,2.386,1.838,5.52,2.93,0.2766,S,S-type
20000011,6.73,142.887,0.0994,2.453,2.209,4.63,2.7,0.191,Sk,S-type
20000012,7.3,115.087,0.2201,2.334,1.82,8.37,2.85,0.163,L,S-type
20000013,6.91,202.636,0.0854,2.578,2.358,16.53,2.8,0.049,Ch,C-type
20000014,6.54,152.0,0.163,2.59,2.167,9.13,3.01,0.159,S,S-type
20000015,5.41,231.689,0.1876,2.644,2.148,11.76,3.14,0.248,S,S-type
20000017,7.93,84.899,0.1322,2.471,2.144,5.59,2.8,0.193,Sl,S-type
20000018,6.35,139.594,0.2183,2.295,1.794,10.13,2.8,0.181,S,S-type
20000019,7.5,200.0,0.1575,2.442,2.057,1.57,2.83,0.037,Ch,C-type
20000020,6.54,135.68,0.1437,2.408,2.062,0.71,2.75,0.241,S,S-type
20000023,7.17,107.53,0.2311,2.629,2.021,10.11,3.24,0.2536,S,S-type
20000025,7.87,61.054,0.2542,2.4,1.79,21.61,3.01,0.35,S,S-type
20000026,7.53,94.8,0.0882,2.658,2.424,3.56,2.89,0.1966,S,S-type
20000027,7.04,96.0,0.1714,2.348,1.945,1.58,2.75,0.215,S,S-type
20000028,7.25,120.9,0.1493,2.778,2.363,9.42,3.19,0.1763,S,S-type
20000029,5.98,189.559,0.0736,2.554,2.366,6.08,2.74,0.216,S,S-type
20000030,7.59,92.787,0.1269,2.366,2.066,2.09,2.67,0.192,Sl,S-type
20000032,7.78,80.76,0.0816,2.587,2.376,5.52,2.8,0.2564,S,S-type
20000033,8.5,52.929,0.3317,2.873,1.92,1.85,3.83,0.24,Sq,S-type
20000034,8.78,132.992,0.1068,2.686,2.399,5.5,2.97,0.023,Ch,C-type
20000037,7.39,108.35,0.175,2.642,2.18,3.07,3.1,0.1826,S,S-type
20000039,5.97,179.484,0.112,2.768,2.458,10.37,3.08,0.269,S,S-type
20000040,6.55,111.251,0.0461,2.267,2.163,4.26,2.37,0.22,S,S-type
20000041,7.63,205.495,0.2717,2.769,2.017,15.74,3.52,0.059,Ch,C-type
20000042,7.71,110.997,0.222,2.443,1.9,8.51,2.98,0.139,L,S-type
20000043,7.96,71.34,0.1685,2.203,1.832,3.47,2.57,0.234,Sk,S-type
20000048,7.14,216.473,0.0665,3.112,2.905,6.56,3.32,0.065,Ch,C-type
20000049,8.02,166.252,0.2216,3.099,2.412,3.2,3.79,0.048,Ch,C-type
20000050,9.47,84.074,0.2848,2.652,1.897,2.84,3.41,0.05,Ch,C-type
20000051,7.74,138.159,0.0661,2.366,2.21,9.97,2.52,0.1,Ch,C-type
20000057,7.0,112.59,0.1084,3.155,2.813,15.24,3.5,0.2149,S,S-type
20000058,9.04,106.517,0.0454,2.7,2.577,5.07,2.82,0.044,Ch,C-type
20000060,8.65,43.218,0.1845,2.392,1.951,3.6,2.83,0.373,S,S-type
20000061,7.75,85.937,0.1641,2.986,2.496,18.2,3.48,0.203,S,S-type
20000062,8.93,106.921,0.1681,3.131,2.604,2.24,3.66,0.048,Ch,C-type
20000063,7.13,116.044,0.1282,2.395,2.088,5.77,2.7,0.125,Sa,S-type
20000066,9.51,71.82,0.1724,2.646,2.19,3.04,3.1,0.016,Ch,C-type
20000067,8.41,56.309,0.1846,2.423,1.976,6.03,2.87,0.228,S,S-type
20000070,8.2,127.911,0.1827,2.614,2.136,11.6,3.09,0.038,Ch,C-type
20000078,8.34,120.6,0.2034,2.622,2.089,8.68,3.16,0.0706,Ch,C-type
20000079,7.78,63.479,0.1912,2.445,1.977,4.61,2.91,0.287,S,S-type
20000080,8.06,68.563,0.1997,2.296,1.838,8.68,2.75,0.206,S,S-type
20000082,8.27,57.621,0.2209,2.762,2.152,2.83,3.37,0.167,Sq,S-type
20000084,9.34,79.16,0.2356,2.363,1.806,9.31,2.92,0.0527,Ch,C-type
20000089,6.37,145.483,0.184,2.551,2.082,16.12,3.02,0.189,K,S-type
20000091,9.14,103.402,0.1076,2.589,2.31,2.1,2.87,0.048,Ch,C-type
20000095,8.02,147.969,0.153,3.064,2.595,13.01,3.53,0.058,Ch,C-type
20000098,8.97,132.788,0.1878,2.686,2.182,15.58,3.19,0.029,Ch,C-type
20000100,7.78,85.734,0.1681,3.089,2.57,6.43,3.61,0.205,S,S-type
20000101,8.42,65.84,0.1407,2.583,2.22,10.19,2.95,0.1898,S,S-type
20000103,7.77,83.908,0.0796,2.704,2.488,5.42,2.92,0.217,S,S-type
20000104,8.55,136.553,0.1623,3.144,2.633,2.79,3.65,0.052,Ch,C-type
20000105,8.75,94.864,0.179,2.373,1.948,21.45,2.8,0.032,Ch,C-type
20000108,7.99,75.498,0.063,3.231,3.028,4.21,3.43,0.148,Sl,S-type
20000109,9.0,82.588,0.3004,2.693,1.884,7.85,3.5,0.036,Ch,C-type
20000111,8.24,126.344,0.1032,2.594,2.326,4.93,2.86,0.062,Ch,C-type
20000112,9.79,69.818,0.1281,2.434,2.122,2.6,2.75,0.042,Ch,C-type
20000113,8.56,50.137,0.0859,2.376,2.172,5.04,2.58,0.224,S,S-type
20000115,7.79,79.83,0.1925,2.38,1.922,11.59,2.84,0.2747,S,S-type
20000116,7.81,71.7,0.139,2.771,2.386,3.56,3.16,0.256,Sk,S-type
20000118,8.94,40.211,0.1635,2.437,2.039,7.75,2.84,0.245,S,S-type
20000119,8.39,57.3,0.0821,2.581,2.369,5.79,2.79,0.2306,Sl,S-type
20000121,7.44,209.0,0.1252,3.455,3.023,7.57,3.89,0.0482,Ch,C-type
20000122,7.7,70.676,0.0244,3.231,3.152,1.64,3.31,0.297,L,S-type
20000123,9.01,45.209,0.1203,2.695,2.37,6.41,3.02,0.261,S,S-type
20000124,8.08,88.648,0.0783,2.629,2.424,2.96,2.84,0.128,S,S-type
20000127,8.57,122.0,0.0635,2.756,2.581,8.24,2.93,0.042,Ch,C-type
20000130,7.47,180.652,0.2096,3.125,2.47,22.78,3.78,0.086,Ch,C-type
20000133,8.07,72.175,0.1334,3.066,2.658,7.21,3.48,0.279,S,S-type
20000134,8.98,108.0,0.1151,2.564,2.269,11.61,2.86,0.0364,Ch,C-type
20000141,8.39,117.916,0.2132,2.667,2.098,11.89,3.24,0.067,Ch,C-type
20000144,8.12,142.38,0.2358,2.653,2.027,4.82,3.28,0.0597,Ch,C-type
20000145,8.43,127.783,0.1472,2.672,2.278,12.62,3.06,0.061,Ch,C-type
20000146,8.53,160.31,0.0658,2.718,2.539,13.1,2.9,0.036,Ch,C-type
20000148,7.65,97.75,0.1882,2.77,2.249,25.29,3.29,0.164,S,S-type
20000151,9.36,39.037,0.0358,2.592,2.499,6.43,2.68,0.233,Sl,S-type
20000152,8.39,58.964,0.0825,3.137,2.879,12.12,3.4,0.257,S,S-type
20000156,8.84,143.346,0.2238,2.733,2.122,9.78,3.35,0.03,Ch,C-type
20000158,9.37,39.025,0.0533,2.868,2.715,1.01,3.02,0.213,S,S-type
20000159,8.31,125.236,0.0994,3.107,2.798,6.11,3.42,0.064,Ch,C-type
20000162,9.13,97.021,0.1825,3.015,2.465,6.09,3.57,0.051,Ch,C-type
20000163,9.8,81.579,0.1921,2.366,1.912,4.82,2.82,0.033,Ch,C-type
20000167,9.4,39.935,0.0372,2.854,2.748,2.22,2.96,0.223,Sk,S-type
20000168,8.29,145.366,0.0748,3.374,3.121,4.67,3.63,0.056,Ch,C-type
20000169,9.57,37.517,0.1302,2.358,2.051,5.5,2.67,0.188,Sl,S-type
20000170,9.36,33.136,0.0614,2.554,2.397,14.36,2.71,0.282,S,S-type
20000172,8.73,62.43,0.1143,2.38,2.108,10.02,2.65,0.1382,L,S-type
20000174,8.45,64.849,0.1449,2.86,2.445,12.1,3.27,0.169,S,S-type
20000176,8.45,106.976,0.1719,3.179,2.632,22.68,3.73,0.065,Ch,C-type
20000177,9.64,69.049,0.2342,2.771,2.122,1.38,3.42,0.022,Ch,C-type
20000178,9.54,35.81,0.0418,2.462,2.359,1.89,2.57,0.2438,S,S-type
20000179,8.28,69.946,0.1096,2.974,2.648,7.82,3.3,0.198,Sk,S-type
20000180,10.33,23.44,0.1683,2.72,2.262,0.87,3.18,0.242,Sq,S-type
20000182,9.15,39.52,0.1868,2.415,1.964,2.01,2.87,0.196,S,S-type
20000183,9.49,32.927,0.3483,2.795,1.822,26.39,3.77,0.227,S,S-type
20000186,9.11,49.99,0.1493,2.362,2.009,13.19,2.71,0.1929,K,S-type
20000187,8.41,147.294,0.24,2.728,2.073,10.58,3.38,0.044,Ch,C-type
20000188,9.31,35.752,0.1788,2.762,2.268,11.7,3.26,0.242,S,S-type
20000189,9.4,38.49,0.0364,2.451,2.362,5.18,2.54,0.17,Sa,S-type
20000192,7.21,98.776,0.2456,2.403,1.813,6.8,2.99,0.327,Sl,S-type
20000193,9.81,26.302,0.2983,2.598,1.823,12.0,3.37,0.343,Sk,S-type
20000195,9.27,93.109,0.0389,2.878,2.766,6.96,2.99,0.051,Ch,C-type
20000196,6.73,144.626,0.0144,3.112,3.067,7.26,3.16,0.342,S,S-type
20000197,9.57,31.729,0.1628,2.74,2.294,8.79,3.19,0.373,S,S-type
20000198,8.56,54.323,0.2275,2.458,1.899,9.32,3.02,0.268,S,S-type
20000200,8.47,128.301,0.1331,2.737,2.372,6.9,3.1,0.053,Ch,C-type
20000205,9.47,76.983,0.0363,2.776,2.675,10.71,2.88,0.061,Ch,C-type
20000207,10.28,57.88,0.0291,2.284,2.217,3.8,2.35,0.058,Ch,C-type
20000208,9.29,40.056,0.0111,2.893,2.861,1.74,2.92,0.206,Sk,S-type
20000211,8.0,141.125,0.1548,3.047,2.575,3.87,3.52,0.062,Ch,C-type
20000221,7.76,95.469,0.1013,3.013,2.708,10.89,3.32,0.166,K,S-type
20000226,9.88,31.494,0.2035,2.713,2.161,15.97,3.26,0.352,S,S-type
20000228,12.29,9.3,0.2423,2.201,1.667,2.54,2.73,0.2082,S,S-type
20000230,7.53,111.332,0.0613,2.382,2.236,9.46,2.53,0.164,Sl,S-type
20000233,8.47,99.672,0.1012,2.661,2.392,7.69,2.93,0.094,K,S-type
20000236,8.24,77.708,0.19,2.799,2.267,7.7,3.33,0.156,L,S-type
20000237,9.19,41.08,0.0735,2.763,2.56,9.76,2.97,0.2108,S,S-type
20000238,8.09,155.659,0.0919,2.908,2.641,12.4,3.17,0.039,Ch,C-type
20000243,10.09,32.0,0.0447,2.86,2.732,1.13,2.99,0.262,S,S-type
20000244,12.0,11.077,0.1369,2.175,1.877,2.85,2.47,0.256,Sa,S-type
20000245,7.98,75.949,0.1976,3.096,2.484,5.18,3.71,0.228,S,S-type
20000257,9.72,72.66,0.1124,3.12,2.769,3.61,3.47,0.0545,Ch,C-type
20000258,8.3,64.78,0.2052,2.614,2.077,14.33,3.15,0.1676,S,S-type
20000263,10.27,23.952,0.0804,2.888,2.656,1.32,3.12,0.198,S,S-type
20000264,8.3,62.969,0.1354,2.798,2.419,10.43,3.18,0.187,S,S-type
20000266,8.73,109.494,0.1544,2.804,2.371,13.4,3.24,0.027,Ch,C-type
20000267,10.25,55.998,0.1024,2.772,2.488,6.01,3.06,0.051,D,C-type
20000278,9.4,32.773,0.1346,2.753,2.383,7.84,3.12,0.247,S,S-type
20000281,12.07,11.036,0.1322,2.188,1.899,5.3,2.48,0.226,S,S-type
20000284,10.35,52.95,0.2213,2.36,1.838,8.05,2.88,0.0602,Ch,C-type
20000286,9.05,94.3,0.0234,3.195,3.12,17.94,3.27,0.0508,Ch,C-type
20000288,9.89,28.981,0.2058,2.76,2.192,4.34,3.33,0.175,S,S-type
20000295,10.06,28.34,0.1674,2.799,2.33,2.7,3.27,0.171,S,S-type
20000306,8.79,47.2,0.152,2.357,1.999,7.28,2.72,0.201,S,S-type
20000310,10.21,33.708,0.117,2.761,2.438,3.17,3.08,0.115,S,S-type
20000312,8.99,46.191,0.1603,2.782,2.336,9.03,3.23,0.23,Sk,S-type
20000321,10.12,27.974,0.0477,2.888,2.75,2.58,3.03,0.425,S,S-type
20000327,10.06,30.291,0.0621,2.779,2.606,7.13,2.95,0.214,Sl,S-type
20000339,9.42,44.329,0.1015,3.011,2.706,9.95,3.32,0.198,K,S-type
20000342,10.29,64.266,0.1305,2.569,2.234,7.35,2.9,0.035,Ch,C-type
20000345,9.09,90.243,0.0614,2.325,2.182,9.74,2.47,0.052,Ch,C-type
20000346,7.38,86.447,0.103,2.795,2.507,8.76,3.08,0.332,S,S-type
20000349,6.04,139.77,0.0889,2.925,2.664,8.25,3.18,0.384,R,S-type
20000352,10.13,26.744,0.1493,2.194,1.867,3.38,2.52,0.195,Sl,S-type
20000353,10.96,14.025,0.3277,2.735,1.839,5.71,3.63,0.392,S,S-type
20000354,6.15,148.97,0.1116,2.8,2.487,18.36,3.11,0.201,Sl,S-type
20000355,10.32,24.04,0.1065,2.537,2.267,4.29,2.81,0.341,S,S-type
20000358,9.17,90.116,0.152,2.876,2.439,3.55,3.31,0.05,Ch,C-type
20000366,8.69,86.368,0.0578,3.149,2.967,10.56,3.33,0.091,Ch,C-type
20000371,8.77,52.976,0.0628,2.726,2.555,7.4,2.9,0.234,S,S-type
20000374,8.82,44.67,0.0796,2.782,2.561,8.99,3.0,0.3014,S,S-type
20000376,9.6,35.465,0.1726,2.288,1.893,5.43,2.68,0.321,Sl,S-type
20000377,9.13,90.346,0.0753,2.691,2.488,6.68,2.89,0.06,Ch,C-type
20000378,9.83,27.831,0.1299,2.776,2.415,7.01,3.14,0.339,S,S-type
20000384,9.41,34.435,0.1454,2.653,2.267,5.59,3.04,0.192,S,S-type
20000387,7.54,100.51,0.2373,2.739,2.089,18.14,3.39,0.19,L,S-type
20000389,7.99,74.378,0.0661,2.608,2.435,8.12,2.78,0.225,S,S-type
20000391,10.88,15.751,0.3052,2.321,1.612,23.2,3.03,0.29,S,S-type
20000392,9.74,60.75,0.1385,2.886,2.486,14.32,3.29,0.173,Ch,C-type
20000394,9.76,29.97,0.2282,2.761,2.131,6.22,3.39,0.294,S,S-type
20000395,10.55,44.189,0.0837,2.787,2.553,3.36,3.02,0.033,Ch,C-type
20000397,9.39,49.032,0.2477,2.634,1.982,12.87,3.29,0.139,K,S-type
20000402,9.12,55.421,0.1121,2.559,2.272,11.83,2.85,0.164,K,S-type
20000403,9.06,53.574,0.0982,2.809,2.533,9.16,3.09,0.173,S,S-type
20000404,9.13,94.97,0.2015,2.593,2.07,14.1,3.11,0.037,Ch,C-type
20000405,8.84,108.894,0.2434,2.584,1.955,11.94,3.21,0.018,Ch,C-type
20000410,8.47,118.929,0.2407,2.724,2.068,10.96,3.38,0.043,Ch,C-type
20000416,7.78,85.47,0.2181,2.798,2.188,12.86,3.41,0.1689,Sl,S-type
20000432,9.11,46.9,0.1456,2.369,2.024,12.12,2.71,0.2338,S,S-type
20000433,10.41,16.84,0.2227,1.458,1.133,10.83,1.78,0.25,S,S-type
20000442,9.98,62.171,0.0705,2.345,2.18,6.07,2.51,0.044,Ch,C-type
20000443,10.12,25.504,0.0397,2.215,2.127,4.24,2.3,0.21,Sl,S-type
20000453,10.62,23.985,0.1089,2.183,1.945,5.55,2.42,0.137,S,S-type
20000456,9.14,37.713,0.1832,2.783,2.273,14.49,3.29,0.286,S,S-type
20000458,9.78,36.698,0.2432,2.991,2.264,12.66,3.72,0.191,L,S-type
20000460,10.76,19.689,0.1039,2.719,2.436,4.64,3.0,0.262,K,S-type
20000462,9.34,34.274,0.0872,2.873,2.622,3.19,3.12,0.259,S,S-type
20000470,10.06,27.75,0.0959,2.405,2.174,7.23,2.64,0.148,S,S-type
20000471,6.33,148.128,0.2291,2.889,2.227,15.02,3.55,0.164,S,S-type
20000477,10.27,22.988,0.1875,2.416,1.963,5.29,2.87,0.246,S,S-type
20000478,7.96,80.738,0.0807,3.018,2.774,13.18,3.26,0.174,L,S-type
20000481,8.83,101.829,0.1575,2.739,2.308,9.85,3.17,0.032,Ch,C-type
20000484,9.69,30.06,0.0571,2.668,2.516,12.51,2.82,0.222,S,S-type
20000485,8.28,63.88,0.1894,2.75,2.229,13.87,3.27,0.2072,S,S-type
20000490,8.7,118.803,0.0889,3.174,2.892,9.29,3.46,0.059,Ch,C-type
20000494,9.32,100.786,0.0643,2.986,2.794,7.08,3.18,0.065,Ch,C-type
20000496,11.77,14.403,0.0786,2.199,2.026,3.79,2.37,0.193,S,S-type
20000503,9.32,81.68,0.1732,2.724,2.253,5.01,3.2,0.0585,Ch,C-type
20000509,8.44,51.892,0.098,3.063,2.762,15.41,3.36,0.253,S,S-type
20000512,10.8,23.09,0.2544,2.189,1.632,8.75,2.75,0.1772,S,S-type
20000513,9.52,48.805,0.086,3.014,2.755,9.73,3.27,0.089,K,S-type
20000519,9.16,40.078,0.1829,2.79,2.28,11.01,3.3,0.246,S,S-type
20000521,8.62,107.227,0.2785,2.744,1.98,10.58,3.51,0.073,Ch,C-type
20000532,5.92,167.791,0.1799,2.77,2.272,16.3,3.27,0.285,S,S-type
20000533,9.86,30.819,0.0439,2.978,2.847,6.56,3.11,0.252,S,S-type
20000534,9.69,32.333,0.0604,2.886,2.711,3.28,3.06,0.213,Sq,S-type
20000539,10.24,68.356,0.2137,2.737,2.152,6.8,3.32,0.052,Ch,C-type
20000553,12.42,9.01,0.1102,2.231,1.985,5.39,2.48,0.287,S,S-type
20000554,9.3,95.87,0.1525,2.374,2.012,2.94,2.74,0.0496,Ch,C-type
20000556,9.53,36.279,0.1044,2.465,2.208,5.25,2.72,0.201,S,S-type
20000563,8.43,53.29,0.2366,2.711,2.07,10.25,3.35,0.2477,Sl,S-type
20000571,11.8,11.696,0.243,2.41,1.825,5.23,3.0,0.298,S,S-type
20000579,8.04,85.57,0.0765,3.013,2.782,11.02,3.24,0.1748,K,S-type
20000584,8.49,54.01,0.2333,2.374,1.82,10.72,2.93,0.1987,Sl,S-type
20000586,9.54,95.203,0.0651,3.041,2.843,1.63,3.24,0.04,Ch,C-type
20000592,9.7,43.787,0.1348,3.02,2.613,10.18,3.43,0.155,K,S-type
20000597,9.37,36.06,0.1437,2.673,2.289,12.8,3.06,0.2361,S,S-type
20000599,8.73,70.249,0.293,2.771,1.959,16.72,3.58,0.115,K,S-type
20000600,10.3,25.115,0.0547,2.659,2.514,10.2,2.8,0.227,S,S-type
20000606,10.4,35.758,0.2211,2.586,2.014,8.6,3.16,0.096,K,S-type
20000611,9.5,57.468,0.1241,2.976,2.607,13.45,3.35,0.124,L,S-type
20000622,10.34,21.874,0.2433,2.415,1.827,8.63,3.0,0.316,S,S-type
20000625,10.01,28.287,0.2273,2.646,2.045,12.08,3.25,0.221,Sa,S-type
20000631,8.66,50.491,0.0847,2.793,2.556,18.9,3.03,0.229,S,S-type
20000633,10.01,33.387,0.0845,3.019,2.764,10.9,3.27,0.203,S,S-type
20000638,10.12,59.594,0.1621,2.733,2.29,7.71,3.18,0.06,Ch,C-type
20000642,10.12,33.36,0.1286,3.187,2.777,8.17,3.6,0.1617,L,S-type
20000649,12.93,7.726,0.2784,2.547,1.838,12.71,3.26,0.345,Sq,S-type
20000653,9.34,49.793,0.0448,3.013,2.878,11.29,3.15,0.085,K,S-type
20000654,8.62,160.736,0.2313,2.297,1.766,18.1,2.83,0.027,Ch,C-type
20000661,9.79,40.081,0.0387,3.016,2.899,9.25,3.13,0.182,K,S-type
20000668,12.17,21.517,0.2343,2.796,2.141,6.84,3.45,0.042,Ch,C-type
20000670,9.5,35.886,0.1918,2.805,2.267,7.54,3.34,0.165,S,S-type
20000673,10.14,37.622,0.0088,2.815,2.79,2.88,2.84,0.092,S,S-type
20000674,7.47,96.171,0.1932,2.924,2.359,13.51,3.49,0.206,S,S-type
20000677,9.69,32.403,0.0485,2.956,2.812,8.49,3.1,0.313,Sl,S-type
20000679,9.16,63.909,0.31,2.587,1.785,24.41,3.39,0.11,K,S-type
20000716,10.94,19.768,0.0866,2.813,2.569,8.49,3.06,0.17,S,S-type
20000720,9.71,33.73,0.0186,2.886,2.833,2.35,2.94,0.2029,Sq,S-type
20000729,9.58,50.025,0.0965,2.759,2.493,18.05,3.03,0.133,L,S-type
20000735,9.91,67.976,0.3206,2.73,1.855,16.87,3.61,0.059,Ch,C-type
20000737,8.96,47.804,0.2441,2.591,1.958,12.37,3.22,0.231,S,S-type
20000742,9.64,47.087,0.1146,3.014,2.669,11.2,3.36,0.121,K,S-type
20000743,10.31,51.072,0.0594,2.792,2.626,4.84,2.96,0.068,Ch,C-type
20000749,11.61,11.065,0.1742,2.243,1.852,5.39,2.63,0.27,S,S-type
20000751,8.95,113.699,0.1511,2.551,2.165,15.6,2.94,0.027,Ch,C-type
20000753,10.35,20.922,0.2207,2.329,1.815,10.09,2.84,0.333,L,S-type
20000754,9.31,94.522,0.0514,2.987,2.834,24.54,3.14,0.042,Ch,C-type
20000782,11.36,14.158,0.0393,2.18,2.094,5.26,2.27,0.224,Sl,S-type
20000793,10.24,26.636,0.1233,2.797,2.452,15.78,3.14,0.196,S,S-type
20000797,10.46,21.197,0.0603,2.535,2.382,4.52,2.69,0.287,S,S-type
20000808,10.01,30.923,0.1301,2.744,2.387,4.72,3.1,0.213,Sq,S-type
20000819,11.98,8.917,0.1421,2.198,1.885,4.89,2.51,0.277,S,S-type
20000821,11.89,28.856,0.2108,2.773,2.189,5.4,3.36,0.025,Ch,C-type
20000824,10.24,32.457,0.1365,2.794,2.412,8.13,3.18,0.087,L,S-type
20000825,11.66,13.423,0.0742,2.227,2.062,3.4,2.39,0.275,S,S-type
20000847,10.12,24.931,0.0946,2.782,2.519,2.48,3.05,0.152,S,S-type
20000853,11.65,27.593,0.1063,2.312,2.066,9.21,2.56,0.051,Ch,C-type
20000862,9.96,27.033,0.0833,2.804,2.57,13.89,3.04,0.291,S,S-type
20000868,10.46,50.692,0.1462,2.705,2.309,5.84,3.1,0.056,Ch,C-type
20000870,11.81,13.683,0.2645,2.323,1.709,6.19,2.94,0.216,S,S-type
20000897,10.53,24.337,0.0934,2.542,2.304,14.33,2.78,0.214,Sl,S-type
20000898,11.69,11.693,0.3729,2.726,1.709,10.1,3.74,0.205,Sl,S-type
20000905,11.72,12.07,0.1535,2.216,1.876,5.32,2.56,0.28,S,S-type
20000908,10.75,30.749,0.1465,2.473,2.111,13.42,2.84,0.087,L,S-type
20000910,10.5,48.59,0.1563,2.923,2.466,9.22,3.38,0.057,Ch,C-type
20000913,12.07,11.636,0.1701,2.198,1.824,5.8,2.57,0.282,Sa,S-type
20000925,8.53,57.505,0.0814,2.699,2.479,21.1,2.92,0.248,S,S-type
20000929,11.68,11.443,0.1143,2.239,1.983,3.92,2.49,0.272,S,S-type
20000930,11.36,34.922,0.1428,2.432,2.085,15.33,2.78,0.032,Ch,C-type
20000934,10.21,53.714,0.2158,2.75,2.156,14.08,3.34,0.047,Ch,C-type
20000945,9.96,25.618,0.1607,2.638,2.214,32.84,3.06,0.239,Sq,S-type
20000950,11.35,13.704,0.1596,2.371,1.992,23.5,2.75,0.231,Sa,S-type
20000951,11.47,12.2,0.1732,2.21,1.827,4.11,2.59,0.246,S,S-type
20000970,12.3,9.204,0.2728,2.559,1.861,5.03,3.26,0.229,S,S-type
20000980,7.9,74.679,0.2018,2.742,2.188,15.9,3.29,0.229,L,S-type
20000984,9.59,32.449,0.1951,2.806,2.258,9.09,3.35,0.421,Sr,S-type
20000994,10.22,20.786,0.1154,2.53,2.238,15.41,2.82,0.31,S,S-type
20000997,12.52,20.391,0.1818,2.67,2.184,10.51,3.15,0.057,Ch,C-type
20001007,11.43,18.264,0.109,2.709,2.413,2.54,3.0,0.145,K,S-type
20001016,11.89,9.539,0.1274,2.22,1.937,6.04,2.5,0.308,S,S-type
20001020,12.26,10.067,0.0425,2.789,2.671,4.06,2.91,0.15,S,S-type
20001024,10.92,43.274,0.2213,2.87,2.235,16.07,3.5,0.045,Ch,C-type
20001034,12.12,7.919,0.263,2.293,1.69,3.97,2.9,0.25,S,S-type
20001036,9.2,37.675,0.5328,2.665,1.245,26.69,4.09,0.238,S,S-type
20001045,13.05,6.104,0.1583,2.359,1.986,0.26,2.73,0.328,S,S-type
20001048,9.73,62.218,0.1827,2.731,2.232,15.83,3.23,0.057,Ch,C-type
20001052,11.89,9.785,0.1432,2.236,1.916,4.7,2.56,0.301,S,S-type
20001055,11.99,13.479,0.2086,2.198,1.739,5.28,2.66,0.169,S,S-type
20001056,11.69,11.869,0.1782,2.23,1.833,5.43,2.63,0.292,S,S-type
20001058,11.9,10.92,0.1881,2.196,1.783,3.69,2.61,0.201,S,S-type
20001069,9.61,35.657,0.1096,3.126,2.783,13.56,3.47,0.219,S,S-type
20001086,9.71,66.27,0.0518,3.169,3.005,8.35,3.33,0.0767,Ch,C-type
20001088,11.34,15.137,0.1955,2.202,1.772,7.65,2.63,0.173,S,S-type
20001102,9.37,36.632,0.1105,3.068,2.729,15.83,3.41,0.229,S,S-type
20001106,11.8,12.14,0.1239,2.598,2.276,13.04,2.92,0.241,S,S-type
20001110,11.64,12.306,0.2408,2.219,1.684,5.86,2.75,0.237,S,S-type
20001140,9.99,29.179,0.11,2.773,2.468,14.12,3.08,0.16,S,S-type
20001147,11.64,13.43,0.2325,2.27,1.743,3.88,2.8,0.155,S,S-type
20001148,10.27,27.512,0.1081,3.016,2.69,10.83,3.34,0.064,K,S-type
20001152,11.2,17.13,0.0403,2.427,2.329,5.07,2.52,0.203,Sl,S-type
20001185,12.19,8.347,0.1056,2.237,2.001,5.7,2.47,0.37,S,S-type
20001186,9.98,34.29,0.1009,3.021,2.716,10.75,3.33,0.24,Sq,S-type
20001188,11.71,12.67,0.1803,2.19,1.796,4.82,2.59,0.273,S,S-type
20001189,10.01,59.246,0.1114,2.933,2.607,9.86,3.26,0.042,Ch,C-type
20001198,14.41,35.4466,0.3353,2.251,1.496,2.73,3.01,0.1781685714285714,L,S-type
20001228,11.53,14.685,0.0395,2.772,2.662,3.28,2.88,0.249,S,S-type
20001234,10.98,22.876,0.0871,3.014,2.751,8.53,3.28,0.162,K,S-type
20001248,9.92,28.468,0.0139,2.721,2.683,9.14,2.76,0.282,S,S-type
20001252,10.77,19.037,0.2057,2.697,2.142,33.82,3.25,0.215,S,S-type
20001272,12.95,6.965,0.1502,2.784,2.366,8.41,3.2,0.252,Sl,S-type
20001278,10.99,19.361,0.2637,2.404,1.77,10.86,3.04,0.195,S,S-type
20001284,10.23,41.128,0.1729,2.645,2.188,10.89,3.1,0.069,L,S-type
20001293,13.71,7.8,0.2755,2.227,1.613,5.37,2.84,0.4598,Sq,S-type
20001324,13.23,6.456,0.1641,2.185,1.826,4.52,2.54,0.321,Sq,S-type
20001329,11.06,19.467,0.1728,2.62,2.167,14.47,3.07,0.149,S,S-type
20001336,10.67,21.441,0.0634,2.851,2.67,3.2,3.03,0.232,S,S-type
20001348,11.16,16.29,0.1385,2.791,2.404,6.59,3.18,0.265,Sl,S-type
20001350,10.73,20.822,0.086,2.859,2.613,2.94,3.11,0.199,Sa,S-type
20001360,11.49,33.316,0.2146,2.634,2.069,22.83,3.2,0.03,Ch,C-type
20001372,11.15,26.491,0.1483,2.766,2.356,16.44,3.18,0.039,L,S-type
20001385,10.87,19.526,0.1078,2.74,2.444,6.92,3.04,0.149,S,S-type
20001386,13.53,10.614,0.2873,2.363,1.684,11.82,3.04,0.061,Ch,C-type
20001414,13.1,15.105,0.1588,2.788,2.346,8.85,3.23,0.054,Ch,C-type
20001423,10.97,19.58,0.0826,2.861,2.625,2.91,3.1,0.338,S,S-type
20001433,11.8,12.687,0.1676,2.799,2.33,8.24,3.27,0.251,S,S-type
20001458,11.35,17.19,0.1824,2.624,2.146,12.54,3.1,0.1502,S,S-type
20001480,13.23,6.385,0.1092,2.202,1.962,4.86,2.44,0.257,S,S-type
20001483,12.05,10.633,0.1805,2.716,2.226,4.49,3.21,0.237,Sq,S-type
20001494,12.3,7.804,0.1311,2.19,1.903,2.46,2.48,0.349,Sa,S-type
20001542,10.59,42.374,0.1192,3.093,2.725,2.77,3.46,0.068,D,C-type
20001545,11.83,18.656,0.2377,2.771,2.112,2.95,3.43,0.097,K,S-type
20001549,12.38,10.376,0.0832,2.231,2.045,5.55,2.42,0.359,S,S-type
20001550,11.88,11.391,0.3141,2.543,1.745,8.88,3.34,0.257,S,S-type
20001553,11.55,13.772,0.0954,2.907,2.63,3.23,3.18,0.249,S,S-type
20001562,12.06,9.587,0.0785,2.226,2.051,4.88,2.4,0.366,S,S-type
20001563,12.44,7.234,0.0853,2.192,2.005,5.98,2.38,0.37,Sa,S-type
20001565,12.77,7.949,0.3482,2.393,1.56,21.5,3.23,0.239,Sq,S-type
20001587,11.57,15.444,0.1554,2.543,2.148,7.83,2.94,0.216,Sa,S-type
20001593,13.13,6.095,0.2809,2.225,1.6,9.98,2.85,0.307,S,S-type
20001594,12.02,10.545,0.1946,2.269,1.827,8.94,2.71,0.262,S,S-type
20001601,12.32,7.548,0.1302,2.234,1.943,4.94,2.52,0.366,Sl,S-type
20001603,10.96,39.564,0.0941,2.755,2.496,8.55,3.01,0.05,Ch,C-type
20001618,11.18,17.495,0.0309,2.868,2.779,3.22,2.96,0.145,S,S-type
20001620,15.27,2.56,0.3356,1.246,0.828,13.34,1.66,0.29,S,S-type
20001627,12.83,9.12,0.397,1.863,1.124,8.45,2.6,0.15,S,S-type
20001629,12.59,8.536,0.1543,2.239,1.894,9.7,2.58,0.256,S,S-type
20001634,12.96,9.035,0.1627,2.245,1.88,7.6,2.61,0.179,S,S-type
20001635,11.04,17.127,0.0616,2.852,2.676,1.83,3.03,0.219,S,S-type
20001642,10.94,16.24,0.0677,2.75,2.564,10.8,2.94,0.351,S,S-type
20001659,10.04,28.01,0.2607,2.783,2.057,16.43,3.51,0.271,S,S-type
20001660,11.59,11.342,0.3005,2.396,1.676,20.6,3.12,0.239,S,S-type
20001662,11.71,12.409,0.1739,2.742,2.265,4.23,3.22,0.258,Sr,S-type
20001664,12.77,8.424,0.2256,2.338,1.811,6.12,2.87,0.382,S,S-type
20001667,11.99,8.998,0.1558,2.19,1.849,4.62,2.53,0.455,Sa,S-type
20001680,11.24,13.96,0.1817,2.725,2.23,4.26,3.22,0.3,S,S-type
20001685,14.28,3.4,0.4361,1.368,0.771,9.38,1.96,0.31,S,S-type
20001702,11.07,34.645,0.1424,2.858,2.451,9.96,3.27,0.065,L,S-type
20001706,13.09,6.111,0.1146,2.125,1.882,1.88,2.37,0.359,S,S-type
20001729,12.59,9.037,0.1009,2.23,2.005,2.44,2.45,0.246,S,S-type
20001734,11.88,26.425,0.2289,2.78,2.143,8.34,3.42,0.051,Ch,C-type
20001738,12.72,7.887,0.2026,2.184,1.742,4.88,2.63,0.341,S,S-type
20001747,13.57,6.35,0.1103,1.709,1.521,21.42,1.9,0.2005,Sl,S-type
20001751,12.08,10.929,0.1722,2.791,2.311,8.12,3.27,0.195,S,S-type
20001777,11.61,11.86,0.0195,2.626,2.574,3.15,2.68,0.244,Sq,S-type
20001783,12.19,24.268,0.133,2.662,2.308,11.5,3.02,0.055,Ch,C-type
20001795,12.23,23.894,0.1906,2.787,2.255,7.53,3.32,0.049,Ch,C-type
20001797,12.72,9.077,0.0246,2.236,2.181,3.14,2.29,0.178,S,S-type
20001798,13.02,6.631,0.1219,2.199,1.931,6.19,2.47,0.294,S,S-type
20001799,11.52,18.196,0.1187,3.026,2.667,11.49,3.39,0.233,K,S-type
20001807,12.59,9.135,0.178,2.226,1.83,3.49,2.62,0.309,S,S-type
20001830,12.69,7.71,0.0566,2.188,2.064,3.96,2.31,0.274,S,S-type
20001831,12.53,8.083,0.1287,2.239,1.951,5.64,2.53,0.296,S,S-type
20001836,12.16,22.24,0.1948,2.782,2.24,7.05,3.32,0.042,Ch,C-type
20001839,12.05,8.75,0.1682,2.799,2.328,10.17,3.27,0.44,S,S-type
20001848,11.21,17.03,0.0461,2.871,2.739,1.44,3.0,0.242,S,S-type
20001856,13.1,6.62,0.0801,2.237,2.057,4.74,2.42,0.335,S,S-type
20001857,12.35,7.986,0.1342,2.244,1.943,4.4,2.55,0.333,S,S-type
20001858,12.2,10.769,0.0783,2.699,2.488,1.66,2.91,0.383,L,S-type
20001863,15.45,2.1,0.6063,2.261,0.89,18.35,3.63,0.24,Sq,S-type
20001864,14.86,3.7,0.6143,1.461,0.564,22.21,2.36,0.273,Sr,S-type
20001865,16.79,1.2,0.4668,1.08,0.576,16.1,1.58,0.22,S,S-type
20001866,12.5,8.48,0.538,1.894,0.875,41.21,2.91,0.15,S,S-type
20001882,11.66,17.766,0.0917,3.006,2.731,9.49,3.28,0.124,K,S-type
20001888,11.92,11.633,0.1695,2.545,2.114,5.85,2.98,0.274,S,S-type
20001903,10.55,27.642,0.0489,3.002,2.855,10.99,3.15,0.071,K,S-type
20001904,11.15,13.503,0.0748,2.746,2.54,12.83,2.95,0.581,R,S-type
20001917,14.41,5.7,0.5057,2.149,1.062,23.96,3.24,0.195,Sl,S-type
20001932,13.69,5.414,0.1571,2.373,2.0,1.9,2.75,0.219,Sl,S-type
20001936,11.82,33.905,0.1389,2.674,2.303,10.25,3.05,0.031,Ch,C-type
20001943,15.7,2.3,0.2561,1.43,1.064,8.71,1.8,0.17,L,S-type
20001968,11.85,13.154,0.1113,2.739,2.434,4.59,3.04,0.178,S,S-type
20001970,12.42,19.352,0.1616,2.779,2.33,7.07,3.23,0.051,Ch,C-type
20001977,11.83,17.211,0.074,2.781,2.575,7.77,2.99,0.15,Sq,S-type
20001980,13.84,4.3,0.3647,1.71,1.086,26.87,2.33,0.25,Sl,S-type
20002019,12.48,7.865,0.1663,2.24,1.868,4.05,2.61,0.496,S,S-type
20002022,11.89,12.634,0.1165,2.707,2.391,5.65,3.02,0.175,S,S-type
20002029,13.14,6.893,0.1285,2.35,2.048,5.59,2.65,0.257,S,S-type
20002038,12.0,10.959,0.0922,2.434,2.21,14.81,2.66,0.168,Sa,S-type
20002040,11.65,33.901,0.1911,3.113,2.518,14.63,3.71,0.031,Ch,C-type
20002053,11.97,11.064,0.1412,2.802,2.407,8.51,3.2,0.251,S,S-type
20002056,12.4,7.783,0.1385,2.218,1.911,3.94,2.53,0.351,S,S-type
20002062,17.11,1.1,0.1829,0.967,0.79,18.93,1.14,0.26,Sr,S-type
20002063,17.21,1.024,0.3494,1.078,0.701,9.44,1.45,0.203,Sq,S-type
20002064,12.71,13.61,0.3303,2.178,1.458,5.7,2.9,0.0549,S,S-type
20002074,14.09,3.189,0.0818,1.8,1.653,30.08,1.95,0.491,Sa,S-type
20002078,13.03,4.639,0.3747,2.37,1.482,20.16,3.26,0.404,Sq,S-type
20002085,11.95,13.356,0.0844,2.699,2.471,3.83,2.93,0.131,L,S-type
20002087,13.16,6.569,0.058,2.206,2.078,1.83,2.33,0.284,S,S-type
20002088,12.9,7.37,0.0797,2.207,2.032,5.54,2.38,0.35,S,S-type
20002089,11.42,16.123,0.1549,2.535,2.143,15.37,2.93,0.276,Sq,S-type
20002099,15.11,5.18,0.3607,2.304,1.473,26.96,3.13,0.056,Ch,C-type
20002107,11.65,16.66,0.0769,2.627,2.425,8.83,2.83,0.175,S,S-type
20002118,11.86,11.434,0.2214,2.546,1.982,6.3,3.11,0.214,S,S-type
20002131,12.84,8.252,0.1109,1.887,1.678,33.99,2.1,0.244,S,S-type
20002141,11.7,12.439,0.1303,2.803,2.438,5.94,3.17,0.314,Sl,S-type
20002147,12.28,23.035,0.0584,3.173,2.987,10.09,3.36,0.038,Ch,C-type
20002152,10.82,44.559,0.2202,3.125,2.437,13.97,3.81,0.047,Ch,C-type
20002157,12.17,13.423,0.1103,2.788,2.48,8.61,3.1,0.17,S,S-type
20002167,12.31,8.998,0.1874,2.541,2.065,6.02,3.02,0.379,S,S-type
20002185,11.55,14.843,0.1622,2.707,2.268,9.6,3.15,0.242,S,S-type
20002189,13.16,6.255,0.2258,2.404,1.861,13.92,2.95,0.344,S,S-type
20002201,15.34,1.8,0.7107,2.179,0.63,2.52,3.73,0.4328,Sq,S-type
20002246,10.46,48.424,0.091,3.953,3.594,6.5,4.31,0.045,D,C-type
20002253,12.93,5.469,0.2781,2.283,1.648,3.88,2.92,0.404,Sl,S-type
20002268,11.85,13.422,0.114,2.939,2.604,3.3,3.27,0.181,S,S-type
20002280,13.44,6.14,0.1411,2.179,1.871,3.57,2.49,0.27,Sa,S-type
20002305,11.77,12.684,0.0303,2.785,2.701,7.46,2.87,0.209,S,S-type
20002308,12.01,17.719,0.1719,2.549,2.111,14.17,2.99,0.177,S,S-type
20002335,13.81,6.367,0.3605,2.123,1.358,36.31,2.89,0.205,Sa,S-type
20002353,11.76,12.564,0.1143,2.803,2.483,4.8,3.12,0.213,S,S-type
20002354,11.99,13.341,0.1052,2.732,2.445,3.27,3.02,0.171,L,S-type
20002369,12.18,10.227,0.0456,2.782,2.655,2.63,2.91,0.293,S,S-type
20002371,12.64,7.465,0.0155,2.44,2.402,1.78,2.48,0.348,R,S-type
20002373,12.51,8.664,0.1737,2.794,2.309,10.08,3.28,0.236,S,S-type
20002380,13.04,6.49,0.0602,2.192,2.06,1.92,2.32,0.319,S,S-type
20002386,11.75,11.91,0.1587,2.814,2.367,9.09,3.26,0.284,S,S-type
20002396,11.65,10.479,0.0728,2.794,2.591,12.6,3.0,0.368,Sa,S-type
20002401,12.75,9.015,0.0575,2.771,2.612,4.32,2.93,0.288,S,S-type
20002402,12.84,7.437,0.1306,2.222,1.932,5.17,2.51,0.291,Sl,S-type
20002409,12.96,8.696,0.1914,2.266,1.832,3.51,2.7,0.213,S,S-type
20002410,12.79,6.385,0.0631,2.216,2.076,2.4,2.36,0.299,Sl,S-type
20002427,12.81,7.989,0.1628,2.742,2.296,4.16,3.19,0.194,Sq,S-type
20002428,11.61,23.652,0.0968,3.163,2.857,9.31,3.47,0.116,Ch,C-type
20002430,12.09,12.467,0.2141,2.363,1.857,23.45,2.87,0.238,Sl,S-type
20002438,13.04,7.179,0.1091,2.244,1.999,4.9,2.49,0.468,S,S-type
20002448,11.03,38.519,0.116,2.791,2.467,17.69,3.11,0.055,L,S-type
20002451,11.9,11.848,0.1521,2.725,2.31,8.59,3.14,0.288,S,S-type
20002465,12.51,21.685,0.0768,2.752,2.54,3.86,2.96,0.024,Ch,C-type
20002467,12.77,8.127,0.1608,2.213,1.857,5.8,2.57,0.283,Sl,S-type
20002478,12.26,9.238,0.0677,2.226,2.075,4.14,2.38,0.252,S,S-type
20002482,12.85,11.31,0.0613,2.929,2.749,3.13,3.11,0.124,S,S-type
20002493,12.99,7.401,0.1691,2.789,2.318,8.73,3.26,0.322,S,S-type
20002504,12.03,10.579,0.0869,2.763,2.523,4.07,3.0,0.301,Sq,S-type
20002569,11.09,26.004,0.1638,2.625,2.195,11.5,3.06,0.072,D,C-type
20002575,12.88,6.409,0.123,2.24,1.964,4.67,2.52,0.392,Sr,S-type
20002598,13.3,15.694,0.2161,2.783,2.181,7.78,3.38,0.049,Ch,C-type
20002604,13.09,14.9,0.2329,2.387,1.831,14.84,2.94,0.0552,Sa,S-type
20002631,12.13,10.765,0.1608,2.797,2.347,9.59,3.25,0.242,S,S-type
20002635,12.95,8.458,0.0779,2.232,2.058,4.17,2.41,0.257,S,S-type
20002675,12.36,10.96,0.102,2.212,1.987,2.75,2.44,0.213,S,S-type
20002709,13.2,6.559,0.0694,2.196,2.043,2.74,2.35,0.259,S,S-type
20002724,11.64,20.73,0.1229,2.928,2.568,3.98,3.29,0.086,K,S-type
20002737,11.99,12.766,0.1938,2.747,2.215,8.81,3.28,0.236,S,S-type
20002746,13.49,5.221,0.0837,2.248,2.06,3.98,2.44,0.373,Sr,S-type
20002748,12.58,8.509,0.133,2.806,2.433,4.22,3.18,0.21,S,S-type
20002750,13.41,4.923,0.0746,2.213,2.048,5.17,2.38,0.228,S,S-type
20002789,13.72,4.766,0.1637,2.228,1.863,3.82,2.59,0.264,S,S-type
20002791,12.51,8.384,0.1727,2.396,1.983,31.08,2.81,0.247,Sa,S-type
20002801,12.11,11.525,0.1712,2.801,2.321,9.55,3.28,0.204,S,S-type
20002818,14.2,3.911,0.1489,2.377,2.023,2.96,2.73,0.284,S,S-type
20002827,12.33,9.301,0.0318,2.309,2.235,8.63,2.38,0.324,S,S-type
20002834,12.05,11.417,0.1612,2.539,2.13,6.43,2.95,0.237,S,S-type
20002840,12.68,7.701,0.0945,2.398,2.171,8.51,2.62,0.231,Sl,S-type
20002852,12.87,12.871,0.0872,2.786,2.543,1.7,3.03,0.097,Ch,C-type
20002855,13.34,9.022,0.1694,2.453,2.038,8.14,2.87,0.105,Sl,S-type
20002864,13.12,15.57,0.1461,2.748,2.347,3.14,3.15,0.058,Ch,C-type
20002872,12.31,13.629,0.1174,2.742,2.42,2.88,3.06,0.15,D,C-type
20002873,13.09,6.426,0.1576,2.253,1.898,5.9,2.61,0.272,Sq,S-type
20002874,13.0,6.552,0.1339,2.245,1.944,4.89,2.55,0.251,S,S-type
20002875,12.47,9.511,0.0999,2.798,2.519,9.02,3.08,0.282,S,S-type
20002881,13.17,5.672,0.1538,2.248,1.902,4.62,2.59,0.241,S,S-type
20002902,14.11,4.12,0.1986,2.204,1.766,4.38,2.64,0.247,Sq,S-type
20002905,12.08,10.224,0.0989,2.802,2.524,8.91,3.08,0.273,S,S-type
20002911,11.91,12.214,0.0963,2.793,2.524,9.62,3.06,0.358,S,S-type
20002917,12.13,9.553,0.1129,2.794,2.478,12.81,3.11,0.404,S,S-type
20002934,11.75,21.941,0.0585,3.165,2.98,8.82,3.35,0.11,Ch,C-type
20002949,13.24,6.959,0.1406,2.194,1.886,4.87,2.5,0.23,S,S-type
20002953,11.86,12.546,0.0249,2.828,2.758,1.07,2.9,0.257,S,S-type
20002955,13.47,5.427,0.1164,2.18,1.926,3.59,2.43,0.315,S,S-type
20002956,12.39,9.35,0.0909,2.765,2.514,2.87,3.02,0.292,Sr,S-type
20002957,11.04,22.473,0.0918,3.021,2.743,8.7,3.3,0.211,K,S-type
20002977,12.61,9.05,0.1693,2.786,2.314,9.59,3.26,0.179,S,S-type
20002988,11.93,13.671,0.1243,2.608,2.284,14.73,2.93,0.216,S,S-type
20003020,12.43,11.981,0.0621,2.761,2.59,6.27,2.93,0.178,Sl,S-type
20003028,10.88,25.58,0.0311,3.018,2.924,9.51,3.11,0.1417,K,S-type
20003040,13.93,3.377,0.2003,1.841,1.472,46.64,2.21,0.479,S,S-type
20003060,13.28,7.145,0.1773,2.279,1.875,7.26,2.68,0.218,S,S-type
20003065,12.44,19.499,0.0636,2.718,2.545,4.29,2.89,0.066,Ch,C-type
20003085,13.29,6.976,0.1008,2.388,2.147,3.83,2.63,0.209,Sl,S-type
20003121,13.44,6.059,0.0859,2.228,2.036,6.36,2.42,0.313,S,S-type
20003122,14.1,4.9,0.4231,1.769,1.021,22.14,2.52,0.231,S,S-type
20003151,11.64,13.618,0.1375,2.764,2.384,19.51,3.14,0.237,S,S-type
20003170,12.6,9.597,0.0896,2.927,2.665,2.02,3.19,0.304,S,S-type
20003175,13.62,5.942,0.2123,2.364,1.862,0.65,2.87,0.112,S,S-type
20003181,12.75,7.961,0.0647,2.229,2.085,3.96,2.37,0.216,S,S-type
20003199,15.03,2.2,0.2842,1.574,1.127,32.96,2.02,0.42,Sq,S-type
20003209,13.47,5.818,0.0525,2.192,2.077,5.23,2.31,0.25,S,S-type
20003216,13.9,4.029,0.3022,2.397,1.673,4.91,3.12,0.433,S,S-type
20003248,11.03,36.553,0.1515,3.202,2.717,10.9,3.69,0.05,D,C-type
20003249,13.62,5.108,0.2461,2.347,1.769,3.37,2.92,0.184,S,S-type
20003255,13.59,4.023,0.3629,2.373,1.512,21.36,3.23,0.341,S,S-type
20003287,14.37,5.515,0.3006,2.365,1.654,12.08,3.08,0.132,L,S-type
20003288,15.35,2.8,0.4549,2.035,1.109,5.93,2.96,0.22,K,S-type
20003306,13.18,7.61,0.1455,2.247,1.92,4.53,2.57,0.282,S,S-type
20003309,13.72,5.038,0.0536,1.818,1.72,21.14,1.91,0.408,S,S-type
20003314,13.13,6.776,0.0445,2.218,2.12,7.4,2.32,0.221,S,S-type
20003320,13.31,6.706,0.0486,2.458,2.339,4.06,2.58,0.188,S,S-type
20003349,12.7,10.136,0.0336,2.738,2.646,4.24,2.83,0.187,L,S-type
20003363,12.27,9.365,0.0971,2.777,2.508,3.34,3.05,0.319,Sq,S-type
20003364,13.75,5.399,0.1043,2.199,1.969,5.55,2.43,0.183,S,S-type
20003371,12.31,10.973,0.014,2.74,2.702,9.68,2.78,0.258,Sq,S-type
20003376,12.53,7.894,0.0676,2.349,2.19,6.35,2.51,0.212,Sq,S-type
20003385,12.53,7.689,0.0418,2.221,2.128,6.81,2.31,0.318,S,S-type
20003394,13.29,6.298,0.1955,2.318,1.865,7.09,2.77,0.271,S,S-type
20003395,11.93,10.863,0.0529,2.792,2.644,4.02,2.94,0.207,Sr,S-type
20003401,12.38,7.023,0.3583,2.369,1.52,21.8,3.22,0.307,S,S-type
20003417,13.67,4.581,0.2294,2.421,1.866,7.95,2.98,0.25,S,S-type
20003430,12.71,8.492,0.0979,2.759,2.489,4.43,3.03,0.269,Sq,S-type
20003458,12.74,7.396,0.1565,2.45,2.067,2.13,2.83,0.245,Sl,S-type
20003474,12.95,8.08,0.2071,2.557,2.027,5.99,3.09,0.171,Sa,S-type
20003491,12.33,8.001,0.0937,2.794,2.532,4.02,3.06,0.303,Sq,S-type
20003493,13.38,6.3,0.0871,2.203,2.011,5.98,2.39,0.281,S,S-type
20003507,11.59,24.917,0.1576,3.133,2.639,3.25,3.63,0.096,Ch,C-type
20003511,12.23,9.641,0.1983,2.747,2.202,8.68,3.29,0.3,S,S-type
20003526,12.48,22.055,0.092,2.794,2.537,8.49,3.05,0.044,Ch,C-type
20003527,13.02,7.163,0.1221,2.291,2.012,5.51,2.57,0.208,S,S-type
20003534,12.4,9.011,0.1926,2.754,2.223,7.64,3.28,0.229,S,S-type
20003545,12.4,12.435,0.0551,2.87,2.711,2.97,3.03,0.165,Sa,S-type
20003546,12.45,9.98,0.0249,2.695,2.628,7.02,2.76,0.234,Sa,S-type
20003552,13.05,19.0,0.7073,4.267,1.249,31.06,7.29,0.03,D,C-type
20003563,12.81,16.924,0.179,2.792,2.292,6.96,3.29,0.05,Ch,C-type
20003576,13.11,7.366,0.1328,2.394,2.076,10.09,2.71,0.194,Sl,S-type
20003592,13.86,5.354,0.1899,2.346,1.901,9.67,2.79,0.224,S,S-type
20003611,13.15,14.044,0.2142,2.787,2.19,8.49,3.38,0.044,Ch,C-type
20003628,12.94,6.914,0.2981,2.539,1.782,6.88,3.3,0.359,O,C-type
20003630,13.12,13.403,0.2057,2.769,2.199,7.42,3.34,0.031,Ch,C-type
20003636,14.08,4.055,0.1756,2.277,1.877,4.1,2.68,0.356,S,S-type
20003640,12.65,7.148,0.0858,2.225,2.034,4.31,2.42,0.239,S,S-type
20003654,14.33,4.28,0.2009,2.262,1.808,2.11,2.72,0.266,Sq,S-type
20003658,13.68,5.021,0.0645,2.186,2.045,4.01,2.33,0.335,S,S-type
20003669,13.36,6.243,0.0705,2.214,2.058,4.82,2.37,0.238,S,S-type
20003674,12.01,9.068,0.3753,2.361,1.475,21.03,3.25,0.309,Sk,S-type
20003678,12.85,7.972,0.1911,2.552,2.064,8.29,3.04,0.253,S,S-type
20003687,11.83,30.932,0.1991,2.729,2.186,15.79,3.27,0.046,Ch,C-type
20003700,12.66,7.753,0.2237,2.417,1.876,12.1,2.96,0.233,Sk,S-type
20003701,12.65,9.013,0.091,2.799,2.544,4.92,3.05,0.261,S,S-type
20003712,11.76,11.159,0.2556,2.735,2.036,31.71,3.43,0.325,S,S-type
20003713,11.75,16.024,0.0976,3.022,2.727,11.38,3.32,0.189,K,S-type
20003737,12.62,6.968,0.3962,2.407,1.453,20.13,3.36,0.288,S,S-type
20003744,13.17,14.758,0.275,2.632,1.908,3.75,3.36,0.046,Ch,C-type
20003767,11.61,13.393,0.1394,2.603,2.24,13.7,2.97,0.326,Sa,S-type
20003775,12.97,17.091,0.229,2.788,2.149,8.24,3.43,0.036,Ch,C-type
20003788,12.37,9.799,0.1034,2.792,2.503,9.68,3.08,0.32,S,S-type
20003792,13.42,5.161,0.2198,2.292,1.789,23.68,2.8,0.289,S,S-type
20003800,15.2,1.624,0.0758,1.578,1.458,14.85,1.7,0.657,S,S-type
20003809,12.79,8.243,0.104,2.693,2.412,6.56,2.97,0.285,S,S-type
20003813,13.71,5.108,0.176,2.191,1.805,4.16,2.58,0.324,S,S-type
20003819,12.14,10.307,0.1397,2.771,2.384,11.11,3.16,0.358,Sr,S-type
20003824,13.55,5.183,0.2366,2.254,1.721,2.8,2.79,0.257,S,S-type
20003829,12.28,24.33,0.1634,2.789,2.334,7.54,3.25,0.0393,Ch,C-type
20003831,13.57,5.776,0.1956,2.167,1.743,4.58,2.59,0.211,S,S-type
20003841,13.48,6.252,0.1598,2.274,1.911,5.22,2.64,0.294,S,S-type
20003844,11.85,15.538,0.1055,2.731,2.442,3.83,3.02,0.168,L,S-type
20003853,12.84,8.058,0.1379,2.808,2.421,9.08,3.2,0.229,S,S-type
20003858,14.05,3.315,0.2429,2.19,1.658,7.71,2.72,0.339,Sa,S-type
20003860,11.75,12.812,0.153,2.807,2.377,8.13,3.24,0.172,S,S-type
20003861,12.44,8.175,0.191,2.552,2.065,5.69,3.04,0.29,S,S-type
20003862,13.12,6.488,0.2481,2.543,1.912,8.99,3.17,0.349,S,S-type
20003873,12.9,5.021,0.1336,1.892,1.639,23.36,2.14,0.419,S,S-type
20003903,12.15,9.755,0.0847,2.927,2.679,1.3,3.18,0.294,Sq,S-type
20003920,13.18,5.956,0.2715,2.254,1.642,9.04,2.87,0.339,Sa,S-type
20003971,11.43,31.996,0.1837,2.85,2.326,13.0,3.37,0.058,Ch,C-type
20003972,13.99,4.124,0.1778,2.163,1.778,4.15,2.55,0.18,S,S-type
20004001,13.78,4.641,0.1722,2.287,1.893,5.46,2.68,0.392,S,S-type
20004033,13.77,4.781,0.0921,2.24,2.033,5.12,2.45,0.256,S,S-type
20004034,18.49,0.42,0.4441,1.06,0.589,11.17,1.53,0.52,O,C-type
20004037,12.71,7.083,0.1564,2.774,2.34,8.46,3.21,0.352,Sq,S-type
20004039,12.93,6.634,0.0607,2.417,2.27,5.04,2.56,0.473,S,S-type
20004051,12.75,7.657,0.1097,2.789,2.483,2.72,3.09,0.292,Sq,S-type
20004072,13.5,4.694,0.0645,2.145,2.007,2.16,2.28,0.384,S,S-type
20004082,13.61,9.535,0.2574,2.391,1.775,9.6,3.01,0.029,Ch,C-type
20004096,12.92,7.664,0.1502,2.81,2.388,9.07,3.23,0.277,Sl,S-type
20004116,13.88,4.693,0.0803,1.872,1.722,24.11,2.02,0.245,Sl,S-type
20004135,12.47,24.207,0.2337,2.787,2.136,7.95,3.44,0.03,Ch,C-type
20004157,12.51,21.01,0.1632,2.672,2.236,12.82,3.11,0.0695,Ch,C-type
20004179,15.3,5.4,0.6248,2.543,0.954,0.45,4.13,0.405,Sk,S-type
20004182,12.3,10.397,0.1347,2.798,2.421,8.07,3.17,0.215,Sr,S-type
20004183,14.16,3.651,0.6361,1.981,0.721,6.67,3.24,0.097,Sq,S-type
20004197,14.98,1.8,0.7724,2.295,0.522,12.6,4.07,0.37,Sq,S-type
20004222,12.42,9.636,0.2966,2.366,1.664,3.74,3.07,0.209,S,S-type
20004261,13.1,6.688,0.1104,2.793,2.485,2.66,3.1,0.288,Sq,S-type
20004272,12.94,7.675,0.2491,2.368,1.778,9.27,2.96,0.119,S,S-type
20004280,13.52,5.942,0.0092,2.377,2.355,4.63,2.4,0.262,S,S-type
20004284,13.44,10.938,0.2751,2.399,1.739,11.77,3.06,0.128,Ch,C-type
20004287,13.52,5.875,0.1868,2.208,1.795,5.48,2.62,0.269,S,S-type
20004299,12.93,7.938,0.1717,2.243,1.858,5.09,2.63,0.256,S,S-type
20004305,12.83,7.882,0.0694,2.917,2.714,1.81,3.12,0.259,S,S-type
20004327,11.85,14.8,0.224,2.772,2.151,16.67,3.39,0.097,Sk,S-type
20004340,12.79,8.11,0.2302,2.395,1.844,25.15,2.95,0.155,S,S-type
20004341,16.08,3.177,0.68,1.834,0.587,11.84,3.08,0.054,O,C-type
20004343,12.83,18.271,0.1711,2.789,2.312,6.94,3.27,0.058,Ch,C-type
20004352,11.75,11.61,0.1943,2.763,2.226,11.06,3.3,0.29,S,S-type
20004374,13.38,5.687,0.1697,2.224,1.846,4.85,2.6,0.388,S,S-type
20004382,12.56,8.746,0.1939,2.543,2.05,6.24,3.04,0.284,Sa,S-type
20004387,12.85,7.137,0.0119,2.438,2.409,4.27,2.47,0.263,S,S-type
20004407,12.67,9.316,0.0587,2.714,2.555,4.72,2.87,0.311,Sa,S-type
20004417,12.22,11.1,0.1057,2.758,2.466,9.01,3.05,0.36,S,S-type
20004422,12.76,6.336,0.1796,2.238,1.836,4.8,2.64,0.118,S,S-type
20004426,12.34,10.641,0.0663,2.754,2.571,2.09,2.94,0.19,L,S-type
20004435,13.39,5.042,0.3348,2.316,1.541,21.94,3.09,0.35,S,S-type
20004479,13.1,6.883,0.1001,2.755,2.479,5.31,3.03,0.31,S,S-type
20004491,13.74,5.114,0.0293,2.174,2.11,3.67,2.24,0.389,Sa,S-type
20004512,12.13,10.767,0.209,2.764,2.187,10.34,3.34,0.265,Sa,S-type
20004516,12.7,7.784,0.0126,2.777,2.742,4.68,2.81,0.35,Sa,S-type
20004523,13.02,16.366,0.136,2.683,2.318,11.09,3.05,0.05,Ch,C-type
20004536,13.91,3.967,0.0839,2.195,2.011,4.17,2.38,0.54,S,S-type
20004558,12.84,7.326,0.3623,2.198,1.402,22.18,2.99,0.29,S,S-type
20004570,13.46,3.944,0.1096,2.198,1.957,5.02,2.44,0.952,Sa,S-type
20004607,13.41,7.389,0.0199,2.263,2.218,2.25,2.31,0.224,L,S-type
20004611,12.09,11.266,0.1924,2.614,2.111,13.8,3.12,0.278,S,S-type
20004619,13.19,9.12,0.0295,2.69,2.61,1.81,2.77,0.161,L,S-type
20004628,11.27,18.719,0.1182,2.643,2.331,11.8,2.96,0.224,S,S-type
20004649,11.51,15.168,0.1205,2.744,2.413,15.41,3.07,0.207,S,S-type
20004650,13.61,5.026,0.1479,2.237,1.907,4.75,2.57,0.331,S,S-type
20004678,13.9,5.003,0.2138,2.265,1.781,3.74,2.75,0.177,S,S-type
20004682,14.56,3.934,0.195,2.27,1.828,3.82,2.71,0.261,S,S-type
20004702,12.68,8.478,0.0926,2.793,2.535,9.36,3.05,0.345,S,S-type
20004706,13.74,5.622,0.1752,2.267,1.87,8.27,2.66,0.244,S,S-type
20004711,12.71,8.156,0.2568,2.381,1.77,10.24,2.99,0.35,S,S-type
20004718,13.64,5.944,0.1595,2.36,1.984,8.03,2.74,0.485,Sl,S-type
20004726,13.01,8.336,0.0744,2.735,2.531,2.04,2.94,0.254,L,S-type
20004733,13.81,4.721,0.074,2.185,2.024,4.72,2.35,0.423,Sq,S-type
20004737,13.02,8.801,0.0772,2.696,2.487,4.6,2.9,0.149,L,S-type
20004744,12.14,19.189,0.1888,2.795,2.267,10.2,3.32,0.092,D,C-type
20004748,11.94,11.938,0.0567,2.743,2.588,16.31,2.9,0.349,S,S-type
20004767,12.85,7.923,0.1084,2.691,2.399,13.31,2.98,0.213,S,S-type
20004774,13.16,5.017,0.0845,2.237,2.048,3.63,2.43,0.584,S,S-type
20004817,13.9,3.792,0.2087,2.348,1.858,2.16,2.84,0.446,Sl,S-type
20004824,13.95,4.119,0.0568,2.289,2.159,6.47,2.42,0.454,Sr,S-type
20004844,12.69,7.578,0.2189,2.554,1.995,5.96,3.11,0.337,S,S-type
20004849,13.94,4.195,0.1113,2.279,2.025,3.0,2.53,0.364,S,S-type
20004853,13.56,6.239,0.2548,2.536,1.89,8.37,3.18,0.414,S,S-type
20004909,13.58,5.324,0.2459,2.274,1.714,2.41,2.83,0.278,S,S-type
20004910,13.64,4.326,0.3249,2.441,1.648,5.0,3.23,0.422,S,S-type
20004923,14.51,3.367,0.2024,2.144,1.71,6.68,2.58,0.366,S,S-type
20004945,13.09,7.441,0.3167,2.572,1.757,4.9,3.39,0.265,S,S-type
20004950,12.93,7.315,0.1847,2.746,2.239,12.7,3.25,0.196,Sq,S-type
20004951,13.49,5.192,0.1666,2.257,1.881,7.53,2.63,0.218,S,S-type
20004954,12.55,10.8,0.4494,2.001,1.102,17.43,2.9,0.176,S,S-type
20004957,15.11,3.499,0.2189,1.565,1.223,35.01,1.91,0.132,S,S-type
20004968,13.06,6.739,0.1121,2.524,2.241,5.41,2.81,0.324,Sq,S-type
20005008,12.95,7.206,0.061,2.215,2.08,5.27,2.35,0.298,S,S-type
20005013,12.87,10.086,0.0691,2.763,2.572,3.7,2.95,0.158,Sl,S-type
20005038,13.84,3.761,0.2825,2.31,1.657,10.93,2.96,0.4,S,S-type
20005051,13.79,4.591,0.1437,2.293,1.964,5.88,2.62,0.401,Sr,S-type
20005067,12.84,35.4466,0.0753,2.806,2.594,7.38,3.02,0.1781685714285714,L,S-type
20005069,13.14,6.18,0.1329,2.251,1.952,5.0,2.55,0.32,S,S-type
20005081,12.77,17.464,0.115,2.319,2.052,13.2,2.59,0.034,Ch,C-type
20005108,14.12,4.617,0.1096,2.305,2.052,6.43,2.56,0.301,S,S-type
20005111,12.88,6.447,0.127,2.354,2.055,5.81,2.65,0.425,R,S-type
20005134,12.0,10.75,0.0382,2.789,2.682,8.11,2.9,0.222,Sl,S-type
20005142,13.04,6.15,0.2764,2.539,1.837,6.29,3.24,0.388,Sq,S-type
20005143,14.07,4.843,0.771,1.835,0.42,8.98,3.25,0.227,O,C-type
20005159,13.3,6.388,0.1115,2.788,2.477,9.25,3.1,0.299,S,S-type
20005184,14.08,4.075,0.0327,2.157,2.086,4.0,2.23,0.352,S,S-type
20005195,14.05,4.339,0.1316,2.162,1.877,3.9,2.45,0.283,Sl,S-type
20005196,12.97,5.944,0.1372,2.7,2.329,13.24,3.07,0.146,S,S-type
20005208,12.82,8.081,0.0485,2.604,2.477,15.92,2.73,0.27,S,S-type
20005227,13.56,5.15,0.0856,2.291,2.095,8.62,2.49,0.383,S,S-type
20005230,13.33,5.681,0.3753,2.398,1.498,20.68,3.3,0.288,S,S-type
20005242,12.96,7.507,0.0692,2.799,2.606,2.88,2.99,0.313,Sq,S-type
20005253,14.7,2.449,0.225,1.974,1.53,28.76,2.42,0.528,S,S-type
20005261,16.09,1.878,0.0647,1.524,1.425,20.28,1.62,0.182,Sr,S-type
20005318,13.65,6.267,0.1343,2.289,1.982,3.31,2.6,0.215,Sk,S-type
20005333,13.26,13.587,0.1663,2.346,1.956,10.99,2.74,0.041,Ch,C-type
20005348,12.94,15.17,0.1721,2.794,2.313,7.06,3.27,0.07,Ch,C-type
20005392,12.95,7.053,0.344,2.348,1.54,22.06,3.16,0.284,Sl,S-type
20005397,12.82,11.455,0.1852,2.529,2.061,12.39,3.0,0.101,Sl,S-type
20005401,12.37,9.56,0.1525,2.794,2.368,10.07,3.22,0.299,S,S-type
20005407,14.42,2.823,0.2779,1.838,1.327,11.39,2.35,0.533,Sk,S-type
20005448,12.94,6.406,0.1448,2.222,1.9,4.84,2.54,0.272,S,S-type
20005482,13.44,5.688,0.1881,2.526,2.051,4.35,3.0,0.364,Sa,S-type
20005492,12.52,13.398,0.1369,2.783,2.402,17.59,3.16,0.222,L,S-type
20005510,13.82,4.314,0.2442,2.191,1.656,5.68,2.73,0.381,S,S-type
20005534,12.73,8.501,0.3385,2.757,1.824,7.49,3.69,0.269,S,S-type
20005552,12.98,7.331,0.2477,2.776,2.088,8.22,3.46,0.275,S,S-type
20005553,13.49,9.984,0.2046,2.738,2.178,9.78,3.3,0.112,Ch,C-type
20005563,12.07,10.188,0.0612,2.764,2.595,10.48,2.93,0.324,S,S-type
20005565,12.24,12.286,0.2174,2.81,2.199,10.31,3.42,0.203,S,S-type
20005585,14.27,71.04082352941177,0.3988,2.712,1.631,28.59,3.79,0.0528948529411764,Ch,C-type
20005587,13.89,3.57,0.5441,2.4,1.094,18.07,3.71,0.32,Sq,S-type
20005595,12.65,9.828,0.1644,2.723,2.275,9.83,3.17,0.201,S,S-type
20005610,12.94,7.812,0.0431,2.803,2.682,3.35,2.92,0.241,S,S-type
20005622,12.39,9.667,0.1719,2.802,2.32,8.11,3.28,0.328,Sq,S-type
20005647,12.29,8.61,0.2705,2.424,1.768,21.92,3.08,0.297,S,S-type
20005649,14.89,2.6,0.3364,2.28,1.513,21.73,3.05,0.38,S,S-type
20005685,11.77,12.993,0.0933,2.799,2.538,7.7,3.06,0.24,S,S-type
20005817,13.01,6.497,0.3407,2.408,1.588,21.1,3.23,0.297,S,S-type
20005836,15.0,2.754,0.5365,2.441,1.131,7.94,3.75,0.156,S,S-type
20005892,13.82,3.71,0.2998,2.387,1.671,4.59,3.1,0.411,S,S-type
20005965,13.07,8.083,0.0495,2.736,2.6,3.36,2.87,0.205,Sa,S-type
20006053,15.1,3.72,0.5287,2.147,1.012,21.58,3.28,0.14,Sq,S-type
20006071,12.37,9.586,0.1079,2.709,2.417,11.74,3.0,0.306,S,S-type
20006077,12.68,8.315,0.1117,2.79,2.478,4.3,3.1,0.28,Sq,S-type
20006078,12.9,6.866,0.1744,2.803,2.314,8.37,3.29,0.179,S,S-type
20006086,12.39,7.618,0.1697,2.72,2.259,8.94,3.18,0.401,Sl,S-type
20006129,13.03,17.096,0.1713,2.791,2.313,6.52,3.27,0.071,Ch,C-type
20006146,13.82,5.205,0.2656,2.313,1.698,3.4,2.93,0.285,Sq,S-type
20006192,12.93,6.455,0.2663,2.292,1.682,10.33,2.9,0.353,S,S-type
20006211,13.28,5.752,0.0939,2.756,2.497,8.54,3.02,0.444,Sr,S-type
20006233,14.01,9.886,0.1756,2.796,2.305,6.78,3.29,0.066,Ch,C-type
20006283,13.84,10.995,0.2027,2.792,2.226,7.3,3.36,0.056,Ch,C-type
20006364,12.19,10.536,0.2491,2.752,2.066,9.66,3.44,0.277,S,S-type
20006410,12.83,14.822,0.2245,2.773,2.15,8.68,3.39,0.082,Ch,C-type
20006455,14.1,4.626,0.5728,2.24,0.957,37.34,3.52,0.227,S,S-type
20006509,12.93,15.004,0.2389,2.79,2.124,6.4,3.46,0.072,Ch,C-type
20006582,12.93,19.311,0.2882,2.777,1.977,8.91,3.58,0.03,Ch,C-type
20006592,13.38,5.548,0.1603,2.757,2.315,4.21,3.2,0.33,Sq,S-type
20006669,13.43,6.17,0.2133,2.202,1.732,6.22,2.67,0.321,S,S-type
20006704,13.11,10.212,0.0422,2.758,2.642,3.14,2.87,0.116,K,S-type
20006908,13.27,6.443,0.092,2.75,2.497,5.6,3.0,0.388,S,S-type
20007056,13.01,7.582,0.0518,2.808,2.662,5.25,2.95,0.233,Sq,S-type
20007081,13.14,10.145,0.2397,2.747,2.088,6.71,3.41,0.143,K,S-type
20007110,13.14,14.345,0.2081,2.795,2.214,7.66,3.38,0.071,Ch,C-type
20007170,12.8,9.688,0.1837,2.697,2.202,12.48,3.19,0.188,S,S-type
20007211,13.26,6.393,0.161,2.799,2.349,9.1,3.25,0.299,S,S-type
20007225,13.27,6.68,0.2041,2.34,1.862,6.86,2.82,0.165,S,S-type
20007245,12.76,8.078,0.1162,2.768,2.446,5.7,3.09,0.271,L,S-type
20007341,16.96,0.982,0.5061,1.841,0.909,5.41,2.77,0.235,Sq,S-type
20007397,12.98,7.155,0.1666,2.784,2.32,8.66,3.25,0.414,S,S-type
20007402,13.27,13.164,0.2046,2.78,2.212,8.23,3.35,0.037,Ch,C-type
20007405,13.17,14.36,0.1716,2.765,2.29,9.14,3.24,0.065,Ch,C-type
20007451,12.55,7.563,0.1696,2.81,2.333,10.31,3.29,0.297,S,S-type
20007482,16.66,1.052,0.3294,1.349,0.904,33.47,1.79,0.277,S,S-type
20007512,13.39,13.734,0.1521,2.786,2.362,7.43,3.21,0.053,Ch,C-type
20007564,12.88,8.533,0.2002,2.768,2.214,10.84,3.32,0.221,S,S-type
20007728,12.86,6.495,0.1095,2.794,2.488,3.4,3.1,0.419,Sq,S-type
20007763,13.12,7.797,0.0708,2.741,2.547,4.81,2.93,0.22,L,S-type
20007822,17.34,1.602,0.1646,1.123,0.938,37.12,1.31,0.075,S,S-type
20008201,15.95,1.859,0.7061,2.539,0.746,9.54,4.33,0.154,O,C-type
20008334,13.28,7.837,0.1007,2.786,2.505,10.14,3.07,0.181,S,S-type
20008513,13.23,12.973,0.1766,2.745,2.26,6.83,3.23,0.067,D,C-type
20009400,14.84,3.698,0.5809,2.587,1.084,36.0,4.09,0.155,Sr,S-type
20010165,17.37,0.829,0.5037,1.235,0.613,23.9,1.86,0.372,L,S-type
20010199,6.54,302.0,0.1689,15.76,13.097,23.42,18.42,0.045,D,C-type
20010473,13.83,7.984,0.0956,2.718,2.458,2.12,2.98,0.114,K,S-type
20010504,13.38,6.959,0.1649,2.763,2.308,5.74,3.22,0.21,Sl,S-type
20011066,15.23,2.104,0.3754,1.392,0.869,36.88,1.91,0.19,K,S-type
20011398,16.38,1.316,0.3895,1.721,1.05,15.02,2.39,0.318,Sr,S-type
20011405,15.26,3.621,0.3939,1.46,0.885,22.86,2.03,0.112,Sq,S-type
20011500,18.37,0.738,0.3558,1.08,0.696,10.31,1.46,0.142,S,S-type
20011906,13.43,5.295,0.1911,2.737,2.214,10.65,3.26,0.334,Sq,S-type
20013651,17.89,0.562,0.3057,1.335,0.927,17.25,1.74,0.511,S,S-type
20016834,15.8,1.87,0.4421,1.468,0.819,16.0,2.12,0.22,S,S-type
20017480,13.96,4.301,0.1751,2.79,2.301,8.66,3.28,0.263,S,S-type
20019356,17.01,0.91,0.5576,2.512,1.111,3.01,3.91,0.34,S,S-type
20020826,13.85,3.687,0.6362,2.418,0.88,31.92,3.96,0.123,Sq,S-type
20022449,13.98,3.762,0.3519,2.343,1.518,21.54,3.17,0.325,S,S-type
20035107,16.91,0.929,0.1442,1.137,0.973,13.91,1.3,0.408,Sk,S-type
20040267,15.55,1.641,0.8084,1.339,0.256,34.48,2.42,0.214,Sq,S-type
20054686,16.62,1.349,0.3419,1.777,1.169,33.21,2.38,0.244,S,S-type
20055532,16.13,1.306,0.6957,1.794,0.546,38.55,3.04,0.376,Sk,S-type
20085818,15.46,2.028,0.416,1.657,0.968,62.72,2.35,0.168,S,S-type
20085953,18.15,0.59,0.703,0.7388,0.219,12.6,1.26,0.32,S,S-type
20085989,17.07,1.462,0.6329,0.8831,0.324,17.07,1.44,0.056,K,S-type
20086326,17.42,1.348,0.3627,1.844,1.176,34.31,2.51,0.098,S,S-type
20086819,17.47,0.802,0.5059,1.995,0.986,10.06,3.0,0.301,Sq,S-type
20089355,15.8,2.038,0.3086,1.787,1.235,22.66,2.34,0.246,S,S-type
20098943,18.73,35.4466,0.2192,1.032,0.806,4.81,1.26,0.1781685714285714,L,S-type
20099942,19.09,0.34,0.1911,0.9224,0.746,3.34,1.1,0.35,Sq,S-type
20100756,16.34,1.809,0.5546,2.264,1.009,11.58,3.52,0.163,S,S-type
20100926,16.64,1.174,0.4074,1.783,1.057,24.24,2.51,0.234,S,S-type
20137062,16.77,1.265,0.3153,1.225,0.838,22.52,1.61,0.411,Sq,S-type
20139056,19.18,0.32,0.3281,1.886,1.267,4.73,2.5,0.52,S,S-type
20153953,16.84,35.4466,0.8089,1.773,0.339,31.01,3.21,0.1781685714285714,L,S-type
20162142,18.83,0.462,0.3179,0.8753,0.597,21.81,1.15,0.25,Sk,S-type
20162385,18.61,0.812,0.3586,0.7407,0.475,6.88,1.01,0.115,O,C-type
20194386,16.96,0.916,0.6135,2.301,0.889,13.69,3.71,0.353,Sq,S-type
20200754,18.51,0.553,0.5169,1.756,0.849,15.51,2.66,0.21,S,S-type
20257838,18.0,41.79625000000001,0.4196,2.165,1.257,7.06,3.07,0.4345,R,S-type
20357022,19.07,0.432,0.3295,1.285,0.861,34.52,1.71,0.217,S,S-type
20376713,16.76,71.04082352941177,0.4137,2.348,1.376,21.09,3.32,0.0528948529411764,Ch,C-type
20385186,17.64,0.811,0.0755,1.105,1.022,24.1,1.19,0.223,Sa,S-type
20401857,16.12,4.2,0.8554,2.825,0.408,22.04,5.24,0.046,D,C-type
20413038,16.93,1.237,0.5773,2.648,1.119,23.98,4.18,0.301,Sk,S-type
20483422,20.53,35.4466,0.1668,1.138,0.948,12.26,1.33,0.1781685714285714,L,S-type
20612267,20.91,52.75854545454546,0.3474,1.358,0.886,7.77,1.83,0.0650909090909091,D,C-type
3005818,18.8,38.663235294117655,0.5819,2.964,1.239,16.24,4.69,0.1439823529411764,K,S-type
3010682,19.96,3.004166666666667,0.5233,2.248,1.071,6.16,3.42,0.2381666666666666,O,C-type
3102724,20.9,38.663235294117655,0.6573,2.471,0.847,2.85,4.1,0.1439823529411764,K,S-type
3102743,21.2,52.75854545454546,0.4467,1.867,1.033,1.5,2.7,0.0650909090909091,D,C-type
3102770,21.5,38.663235294117655,0.5573,2.416,1.07,11.35,3.76,0.1439823529411764,K,S-type
3114037,20.8,0.16,0.5246,2.37,1.127,15.67,3.61,0.32,Sr,S-type
3114073,20.3,71.04082352941177,0.5399,2.053,0.945,20.89,3.16,0.0528948529411764,Ch,C-type
3114105,22.57,35.4466,0.4231,1.378,0.795,11.29,1.96,0.1781685714285714,L,S-type
20000031,6.86,267.08,0.216,3.16,2.478,26.32,3.84,0.053,Cb,C-type
20000081,8.71,117.727,0.2121,2.853,2.248,7.8,3.46,0.045,Cb,C-type
20000150,8.6,119.128,0.1236,2.983,2.614,2.2,3.35,0.052,Cb,C-type
20000165,7.82,180.083,0.0836,3.127,2.865,11.23,3.39,0.047,Cb,C-type
20000191,9.11,94.536,0.0873,2.896,2.644,11.52,3.15,0.046,Cb,C-type
20000210,9.38,86.65,0.1236,2.721,2.385,5.26,3.06,0.0436,Cb,C-type
20000253,10.38,52.8,0.2643,2.647,1.947,6.74,3.35,0.0436,Cb,C-type
20000381,8.41,127.639,0.0889,3.23,2.943,12.56,3.52,0.064,Cb,C-type
20000515,10.97,41.19,0.1771,3.119,2.566,2.04,3.67,0.039,Cb,C-type
20000527,10.46,52.627,0.152,2.724,2.31,9.66,3.14,0.039,Cb,C-type
20000545,8.83,112.631,0.1708,3.207,2.659,11.19,3.76,0.041,Cb,C-type
20000785,9.48,49.46,0.2071,2.573,2.04,12.79,3.11,0.12,Cb,C-type
20001277,11.36,32.587,0.24,2.698,2.05,6.98,3.35,0.063,Cb,C-type
20001726,12.3,25.25,0.0453,2.786,2.66,3.49,2.91,0.037,Cb,C-type
20001796,9.91,68.167,0.053,3.362,3.183,22.56,3.54,0.044,Cb,C-type
20002060,5.58,166.0,0.3774,13.71,8.533,6.92,18.88,0.15,Cb,C-type
20002251,11.71,29.488,0.148,2.711,2.31,7.44,3.11,0.059,Cb,C-type
20002370,13.1,15.032,0.1823,2.715,2.22,8.26,3.21,0.054,Cb,C-type
20002762,13.0,4.467,0.1508,2.331,1.98,4.7,2.68,0.646,Cb,C-type
20002778,13.49,12.545,0.1217,2.282,2.004,4.61,2.56,0.044,Cb,C-type
20002952,14.35,6.03,0.1705,2.314,1.919,3.32,2.71,0.101,Cb,C-type
20003671,16.5,1.5,0.542,2.2,1.008,13.54,3.39,0.16,Cb,C-type
20003833,15.63,50.06575000000001,0.3896,2.195,1.34,12.02,3.05,0.1120333333333333,Cb,C-type
20004194,12.28,17.019,0.042,2.698,2.584,7.52,2.81,0.097,Cb,C-type
20004276,14.95,4.708,0.2039,2.01,1.6,21.02,2.42,0.087,Cb,C-type
20004297,13.41,3.668,0.1925,2.335,1.886,5.86,2.78,1.0,Cb,C-type
20004534,12.9,15.838,0.1763,2.798,2.305,7.24,3.29,0.064,Cb,C-type
20004944,13.48,11.125,0.0647,2.746,2.568,4.49,2.92,0.061,Cb,C-type
20005329,13.07,10.516,0.27,2.607,1.903,13.41,3.31,0.057,Cb,C-type
20005591,13.37,17.075,0.0871,2.779,2.536,4.24,3.02,0.038,Cb,C-type
20006354,12.46,7.641,0.214,2.657,2.089,24.57,3.23,0.399,Cb,C-type
20006782,13.13,15.057,0.0619,2.789,2.617,3.29,2.96,0.047,Cb,C-type
20007404,14.01,10.747,0.2843,2.793,1.999,6.56,3.59,0.059,Cb,C-type
20009970,12.82,20.035,0.2075,2.791,2.211,7.54,3.37,0.036,Cb,C-type
20152679,16.67,4.167,0.5524,2.251,1.008,4.93,3.49,0.022,Cb,C-type
20162173,19.55,0.896,0.1911,1.191,0.963,5.87,1.42,0.045,Cb,C-type
20413123,18.99,1.258,0.5564,2.671,1.185,10.94,4.16,0.03,Cb,C-type
20001862,16.08,1.5,0.5599,1.471,0.647,6.35,2.29,0.25,Q,S-type
20002102,16.0,1.649,0.2993,1.29,0.904,64.0,1.68,0.245,Q,S-type
20003753,15.44,2.071,0.5148,0.9978,0.484,19.8,1.51,0.365,Q,S-type
20005660,15.38,1.3278,0.7621,1.785,0.425,38.14,3.15,0.2618,Q,S-type
20005828,15.97,1.457,0.6949,1.698,0.518,30.12,2.88,0.331,Q,S-type
20006489,19.22,0.53,0.6151,2.484,0.956,2.27,4.01,0.151,Q,S-type
20008176,17.02,1.3278,0.6432,1.575,0.562,39.59,2.59,0.2618,Q,S-type
20009969,16.01,1.3278,0.4342,2.34,1.324,29.02,3.36,0.2618,Q,S-type
20010563,16.94,1.3278,0.2662,1.007,0.739,63.47,1.27,0.2618,Q,S-type
20023548,17.25,1.3278,0.518,2.289,1.104,23.44,3.47,0.2618,Q,S-type
20086039,15.97,2.22,0.5789,1.76,0.741,7.13,2.78,0.14,Q,S-type
20136993,17.85,1.3278,0.5956,2.309,0.934,24.48,3.68,0.2618,Q,S-type
20137126,18.14,1.3278,0.6012,1.772,0.707,5.55,2.84,0.2618,Q,S-type
20137158,17.92,1.3278,0.607,1.18,0.464,12.9,1.9,0.2618,Q,S-type
20137925,16.07,1.372,0.7637,1.292,0.305,31.11,2.28,0.373,Q,S-type
20152560,19.23,1.3278,0.3979,1.443,0.869,3.45,2.02,0.2618,Q,S-type
20152931,16.34,1.646,0.4557,0.9297,0.506,28.58,1.35,0.237,Q,S-type
20219071,17.13,0.657,0.2821,1.053,0.756,20.02,1.35,0.383,Q,S-type
20422686,21.63,0.176,0.2864,0.8537,0.609,4.7,1.1,0.143,Q,S-type
3190019,19.2,1.3278,0.4312,2.415,1.373,39.34,3.46,0.2618,Q,S-type
20000021,7.51,95.76,0.1647,2.434,2.033,3.06,2.84,0.2212,Xk,X-type
20000056,8.55,121.333,0.2371,2.597,1.981,8.08,3.21,0.057,Xk,X-type
20000075,9.27,62.377,0.3039,2.675,1.862,4.99,3.49,0.117,Xk,X-type
20000099,9.48,67.354,0.1976,2.663,2.137,13.86,3.19,0.065,Xk,X-type
20000114,8.48,94.178,0.1386,2.676,2.305,4.94,3.05,0.089,Xk,X-type
20000135,8.37,79.24,0.2081,2.427,1.922,2.3,2.93,0.1436,Xk,X-type
20000173,7.99,125.821,0.2098,2.741,2.166,14.2,3.32,0.096,Xk,X-type
20000181,8.09,115.383,0.2082,3.125,2.474,18.9,3.78,0.101,Xk,X-type
20000250,7.7,120.995,0.1368,3.143,2.713,12.82,3.57,0.112,Xk,X-type
20000332,9.71,40.37,0.0901,2.776,2.525,2.84,3.03,0.1719,Xk,X-type
20000336,9.98,63.356,0.095,2.252,2.038,5.65,2.47,0.054,Xk,X-type
20000338,8.59,50.506,0.0179,2.913,2.861,6.04,2.96,0.276,Xk,X-type
20000417,9.7,54.874,0.1354,2.798,2.42,6.65,3.18,0.072,Xk,X-type
20000441,8.66,65.131,0.0821,2.805,2.575,8.16,3.04,0.204,Xk,X-type
20000547,10.01,52.462,0.2359,2.773,2.119,16.86,3.43,0.101,Xk,X-type
20000559,9.56,79.82,0.0662,2.712,2.532,9.31,2.89,0.05,Xk,X-type
20000581,10.04,61.481,0.0351,3.212,3.099,21.9,3.32,0.031,Xk,X-type
20000671,10.37,60.604,0.0616,3.094,2.904,8.01,3.28,0.028,Xk,X-type
20000757,10.07,32.894,0.1081,2.374,2.117,8.17,2.63,0.217,Xk,X-type
20000907,9.94,82.66,0.1641,2.799,2.34,19.53,3.26,0.032,Xk,X-type
20000973,10.23,51.609,0.1136,3.212,2.848,15.82,3.58,0.098,Xk,X-type
20001071,10.69,60.862,0.1113,2.8,2.488,5.36,3.11,0.036,Xk,X-type
20001094,11.68,17.869,0.1307,2.546,2.214,14.02,2.88,0.127,Xk,X-type
20001103,12.2,6.692,0.0944,1.934,1.751,17.9,2.12,0.384,Xk,X-type
20001104,12.34,23.244,0.3427,2.632,1.73,6.44,3.53,0.033,Xk,X-type
20001135,10.81,50.592,0.1139,2.666,2.362,4.54,2.97,0.057,Xk,X-type
20001214,11.32,36.668,0.1169,2.711,2.394,9.84,3.03,0.048,Xk,X-type
20001351,10.2,60.01,0.0691,3.196,2.975,9.64,3.42,0.035,Xk,X-type
20001373,11.51,19.448,0.3155,3.419,2.34,38.95,4.5,0.155,Xk,X-type
20001548,11.72,30.761,0.0816,2.788,2.56,16.55,3.02,0.045,Xk,X-type
20002559,12.66,20.884,0.1538,2.787,2.358,8.88,3.22,0.034,Xk,X-type
20002606,11.98,15.91,0.2629,2.76,2.035,12.45,3.49,0.175,Xk,X-type
20002681,12.49,13.297,0.1941,2.744,2.212,3.98,3.28,0.12,Xk,X-type
20003533,13.04,49.74939024390243,0.1168,2.22,1.961,4.87,2.48,0.1215642857142857,Xk,X-type
20003704,12.67,9.576,0.0518,2.41,2.285,5.9,2.53,0.243,Xk,X-type
20003730,11.96,26.996,0.1634,2.725,2.28,6.95,3.17,0.051,Xk,X-type
20004369,12.24,16.019,0.2513,2.61,1.954,11.83,3.27,0.12,Xk,X-type
20004424,11.97,24.019,0.0793,2.756,2.538,14.73,2.97,0.056,Xk,X-type
20005576,12.59,24.332,0.0706,2.759,2.564,5.61,2.95,0.036,Xk,X-type
20017274,16.87,3.183,0.5539,2.731,1.219,5.57,4.24,0.037,Xk,X-type
20035396,17.01,0.704,0.4837,1.442,0.745,4.1,2.14,0.772,Xk,X-type
20085990,20.27,0.451,0.3111,1.008,0.695,5.36,1.32,0.095,Xk,X-type
20086450,18.45,49.74939024390243,0.4148,0.968,0.567,18.11,1.37,0.1215642857142857,Xk,X-type
20138893,18.17,49.74939024390243,0.7437,1.173,0.301,18.36,2.05,0.1215642857142857,Xk,X-type
20307161,18.35,49.74939024390243,0.2742,1.492,1.083,24.17,1.9,0.1215642857142857,Xk,X-type
20363067,19.21,49.74939024390243,0.0901,1.076,0.979,15.32,1.17,0.11,Xk,X-type
20524150,20.67,49.74939024390243,0.4586,2.069,1.12,16.03,3.02,0.1215642857142857,Xk,X-type
20000004,3.25,525.4,0.09,2.361,2.148,7.14,2.57,0.4228,V,S-type
20000016,6.21,222.0,0.1341,2.922,2.53,3.1,3.31,0.1203,X,X-type
20000022,6.8,167.536,0.0989,2.911,2.623,13.7,3.2,0.166,X,X-type
20000044,6.75,70.64,0.1496,2.422,2.06,3.71,2.78,0.482,Xc,X-type
20000046,8.55,131.471,0.1722,2.525,2.09,2.35,2.96,0.046,Xc,X-type
20000055,7.85,84.794,0.145,2.759,2.359,7.18,3.16,0.204,X,X-type
20000065,6.83,237.26,0.1265,3.413,2.981,3.56,3.84,0.0706,Xc,X-type
20000069,7.22,138.13,0.1698,2.98,2.474,8.59,3.49,0.1402,X,X-type
20000076,8.03,145.423,0.1675,3.41,2.839,2.12,3.98,0.058,X,X-type
20000083,8.75,110.503,0.0828,2.432,2.23,4.97,2.63,0.05,X,X-type
20000087,6.95,253.051,0.0939,3.477,3.151,10.88,3.8,0.046,X,X-type
20000092,6.77,126.42,0.1051,3.184,2.85,9.92,3.52,0.2509,Xc,X-type
20000096,7.68,177.774,0.1419,3.05,2.617,15.98,3.48,0.048,T,C-type
20000107,7.12,210.37,0.0655,3.487,3.259,10.0,3.72,0.059,X,X-type
20000110,7.86,86.09,0.0794,2.733,2.516,5.96,2.95,0.1808,X,X-type
20000117,8.18,208.974,0.0232,2.991,2.922,14.92,3.06,0.027,X,X-type
20000125,8.96,48.418,0.0813,2.742,2.519,4.67,2.96,0.182,X,X-type
20000129,7.01,113.0,0.213,2.869,2.258,12.27,3.48,0.151,X,X-type
20000131,10.03,31.337,0.0693,2.432,2.263,4.96,2.6,0.246,Xc,X-type
20000139,8.06,151.116,0.1701,2.785,2.311,10.87,3.26,0.052,X,X-type
20000140,8.5,109.79,0.2162,2.734,2.143,3.19,3.33,0.0676,Xc,X-type
20000143,9.35,95.377,0.0729,2.761,2.56,11.44,2.96,0.044,Xc,X-type
20000153,7.76,170.63,0.1387,3.971,3.42,7.83,4.52,0.0618,X,X-type
20000161,9.33,40.992,0.1368,2.38,2.054,9.06,2.71,0.23,Xc,X-type
20000164,8.81,100.254,0.3467,2.632,1.72,24.48,3.54,0.029,X,X-type
20000184,8.39,62.483,0.0595,3.196,3.005,1.13,3.39,0.215,X,X-type
20000190,7.91,159.0,0.1683,3.995,3.322,6.17,4.67,0.066,X,X-type
20000199,8.52,76.129,0.1832,3.161,2.582,15.48,3.74,0.107,X,X-type
20000201,8.59,85.877,0.1791,2.679,2.199,5.76,3.16,0.04,X,X-type
20000209,8.33,179.008,0.0546,3.146,2.974,7.17,3.32,0.028,Xc,X-type
20000214,9.35,24.957,0.0308,2.612,2.531,3.44,2.69,1.0,Xc,X-type
20000242,9.54,40.802,0.1226,2.86,2.509,11.35,3.21,0.222,Xc,X-type
20000247,8.19,130.935,0.2466,2.74,2.065,24.95,3.42,0.064,Xc,X-type
20000259,7.84,174.318,0.1298,3.133,2.726,10.81,3.54,0.043,X,X-type
20000261,9.58,50.011,0.0902,2.331,2.121,3.63,2.54,0.137,X,X-type
20000272,10.88,26.87,0.0295,2.777,2.695,4.43,2.86,0.128,X,X-type
20000279,8.61,126.59,0.0441,4.266,4.078,2.33,4.45,0.0412,X,X-type
20000304,10.06,65.99,0.2224,2.402,1.868,15.85,2.94,0.047,Xc,X-type
20000308,8.19,128.578,0.0387,2.75,2.643,4.36,2.86,0.047,T,C-type
20000322,9.18,69.855,0.2443,2.784,2.104,8.05,3.46,0.089,X,X-type
20000337,8.98,64.549,0.1369,2.383,2.057,7.86,2.71,0.135,X,X-type
20000348,9.61,82.82,0.072,2.967,2.754,9.76,3.18,0.0448,X,X-type
20000359,9.45,43.89,0.1561,2.729,2.303,6.77,3.16,0.2621,X,X-type
20000363,9.08,97.0,0.0731,2.746,2.545,5.95,2.95,0.059,X,X-type
20000375,7.5,216.0,0.1026,3.128,2.807,15.94,3.45,0.037,Xc,X-type
20000393,8.44,116.191,0.3306,2.783,1.863,14.86,3.7,0.022,Xc,X-type
20000399,8.94,39.566,0.0768,3.052,2.817,13.11,3.29,0.311,X,X-type
20000409,7.68,171.012,0.0731,2.575,2.387,11.29,2.76,0.054,Xc,X-type
20000413,10.08,34.242,0.3421,2.584,1.7,18.73,3.47,0.129,X,X-type
20000476,8.71,138.493,0.0749,2.649,2.45,10.93,2.85,0.035,X,X-type
20000504,10.16,30.438,0.2158,2.723,2.136,12.9,3.31,0.239,X,X-type
20000507,9.24,45.17,0.1023,3.152,2.83,9.5,3.47,0.198,X,X-type
20000516,8.38,65.144,0.2755,2.677,1.94,12.95,3.42,0.202,X,X-type
20000523,10.04,31.89,0.18,2.965,2.431,4.31,3.5,0.2512,X,X-type
20000564,10.48,52.01,0.2761,2.747,1.989,17.98,3.51,0.05,Xc,X-type
20000570,8.9,87.486,0.1185,3.423,3.017,1.82,3.83,0.069,T,C-type
20000578,9.57,69.29,0.1928,2.755,2.224,6.14,3.29,0.0769,Xc,X-type
20000596,8.96,159.726,0.1604,2.936,2.465,14.67,3.41,0.04,T,C-type
20000598,9.69,78.237,0.2512,2.759,2.066,12.23,3.45,0.044,X,X-type
20000604,9.6,64.536,0.1923,3.155,2.549,4.42,3.76,0.09,Xc,X-type
20000626,9.19,73.236,0.2418,2.575,1.952,25.37,3.2,0.032,Xc,X-type
20000627,9.9,38.018,0.0609,2.903,2.727,6.47,3.08,0.047,X,X-type
20000629,10.08,35.087,0.1605,3.132,2.629,9.24,3.63,0.14,X,X-type
20000634,9.93,74.017,0.1808,3.051,2.499,12.29,3.6,0.043,X,X-type
20000678,9.39,39.585,0.2204,2.572,2.005,6.1,3.14,0.344,X,X-type
20000687,11.64,21.533,0.2716,2.724,1.984,14.87,3.46,0.079,X,X-type
20000712,8.59,124.125,0.1851,2.577,2.1,12.76,3.05,0.039,X,X-type
20000715,10.08,25.458,0.0856,2.767,2.531,13.82,3.0,0.273,X,X-type
20000718,9.73,70.911,0.1954,3.063,2.465,6.92,3.66,0.042,X,X-type
20000739,8.88,104.517,0.143,2.737,2.346,20.66,3.13,0.051,X,X-type
20000741,10.09,29.64,0.0668,2.721,2.539,8.42,2.9,0.1391,X,X-type
20000759,10.86,52.926,0.2056,2.62,2.081,19.9,3.16,0.036,X,X-type
20000771,10.48,29.322,0.2477,2.652,1.995,14.89,3.31,0.123,X,X-type
20000773,9.15,91.672,0.0784,2.86,2.636,16.66,3.08,0.048,T,C-type
20000779,7.97,80.572,0.2265,2.665,2.062,14.57,3.27,0.157,X,X-type
20000781,9.53,72.927,0.1198,3.214,2.829,19.14,3.6,0.048,Xc,X-type
20000789,11.37,22.483,0.1469,2.686,2.292,10.78,3.08,0.153,X,X-type
20000792,10.19,61.804,0.1314,2.623,2.279,8.63,2.97,0.024,X,X-type
20000796,9.34,43.58,0.3195,2.636,1.794,19.05,3.48,0.209,X,X-type
20000844,9.82,42.154,0.0693,3.201,2.979,8.78,3.42,0.173,X,X-type
20000860,10.07,34.561,0.1087,2.795,2.491,13.3,3.1,0.116,X,X-type
20000866,9.7,78.061,0.0522,3.125,2.962,8.66,3.29,0.046,X,X-type
20000872,10.12,34.431,0.0804,2.73,2.511,7.39,2.95,0.165,X,X-type
20000924,9.62,85.49,0.1532,2.939,2.489,8.99,3.39,0.0432,X,X-type
20000941,11.48,18.217,0.1962,2.783,2.237,6.63,3.33,0.128,X,X-type
20000961,11.57,36.571,0.0937,2.692,2.439,10.99,2.94,0.036,X,X-type
20000965,10.19,60.857,0.2767,3.163,2.288,21.43,4.04,0.029,Xc,X-type
20001015,9.47,82.35,0.0891,3.204,2.919,9.45,3.49,0.048,Xc,X-type
20001022,10.44,34.297,0.1726,2.806,2.322,21.05,3.29,0.125,X,X-type
20001032,10.33,65.658,0.141,3.13,2.689,9.48,3.57,0.042,X,X-type
20001039,11.67,33.853,0.0611,2.679,2.516,4.55,2.84,0.053,X,X-type
20001107,9.57,79.079,0.1192,3.189,2.809,7.07,3.57,0.066,Xc,X-type
20001114,10.13,75.631,0.0719,3.095,2.873,10.72,3.32,0.031,Xc,X-type
20001181,11.39,20.492,0.1934,2.665,2.15,5.59,3.18,0.106,X,X-type
20001187,11.64,32.348,0.2238,2.639,2.048,10.7,3.23,0.051,X,X-type
20001196,10.23,25.274,0.1806,2.651,2.173,17.68,3.13,0.218,X,X-type
20001201,11.57,35.825,0.039,2.698,2.593,7.0,2.8,0.037,Xc,X-type
20001212,9.63,76.387,0.1899,3.948,3.198,7.59,4.7,0.046,X,X-type
20001222,11.21,25.781,0.2497,2.794,2.096,19.59,3.49,0.202,X,X-type
20001251,10.94,13.239,0.1559,2.718,2.294,6.05,3.14,0.636,X,X-type
20001263,10.19,49.29,0.1871,2.666,2.168,29.25,3.17,0.0459,Xc,X-type
20001304,9.2,43.613,0.1226,3.192,2.801,18.98,3.58,0.337,X,X-type
20001323,9.91,78.295,0.1503,3.219,2.735,18.94,3.7,0.018,Xc,X-type
20001327,12.16,22.318,0.1627,2.779,2.327,5.82,3.23,0.027,X,X-type
20001352,11.2,19.979,0.0634,2.779,2.603,3.76,2.96,0.149,X,X-type
20001407,11.07,20.31,0.2842,2.761,1.977,5.83,3.55,0.187,X,X-type
20001420,12.02,20.524,0.0783,2.747,2.532,3.49,2.96,0.047,X,X-type
20001424,10.01,64.691,0.0559,3.191,3.013,9.16,3.37,0.03,X,X-type
20001428,10.3,52.464,0.1418,2.808,2.41,17.31,3.21,0.038,Xc,X-type
20001471,11.18,28.719,0.1197,2.716,2.391,13.6,3.04,0.085,T,C-type
20001490,12.19,14.844,0.1553,2.353,1.987,10.03,2.72,0.068,Xc,X-type
20001493,12.12,28.905,0.2011,2.43,1.941,2.58,2.92,0.034,Xc,X-type
20001502,11.52,35.518,0.088,2.734,2.493,4.09,2.97,0.034,Xc,X-type
20001517,11.43,39.524,0.0436,2.717,2.598,5.27,2.84,0.05,X,X-type
20001541,11.59,22.0,0.069,2.767,2.577,4.87,2.96,0.14,Xc,X-type
20001592,12.02,13.855,0.3048,2.767,1.924,13.53,3.61,0.211,X,X-type
20001604,10.7,32.33,0.1048,3.021,2.704,9.39,3.34,0.1038,Xc,X-type
20001638,11.67,19.094,0.1911,2.747,2.222,0.3,3.27,0.122,X,X-type
20001653,11.62,9.01,0.3226,2.612,1.769,4.07,3.45,0.599,X,X-type
20001715,12.34,24.165,0.241,2.398,1.82,11.47,2.98,0.044,X,X-type
20001847,11.21,17.427,0.019,2.612,2.562,11.15,2.66,0.232,Xc,X-type
20001860,11.71,16.8,0.2029,2.565,2.045,9.92,3.09,0.152,X,X-type
20001891,12.18,11.588,0.0708,2.705,2.514,11.5,2.9,0.208,X,X-type
20001929,12.95,7.772,0.076,2.362,2.183,7.77,2.54,0.393,V,S-type
20001981,15.28,3.4,0.6505,1.776,0.621,39.82,2.93,0.3719657142857143,V,S-type
20001998,12.33,14.242,0.0648,2.418,2.262,7.62,2.58,0.126,Xc,X-type
20002045,12.21,9.664,0.0547,2.38,2.25,6.9,2.51,0.249,V,S-type
20002065,12.48,16.721,0.2325,2.701,2.073,6.43,3.33,0.062,Xc,X-type
20002073,13.05,9.754,0.1099,2.717,2.419,2.96,3.02,0.154,X,X-type
20002086,12.56,6.096,0.1116,2.401,2.133,6.49,2.67,0.571,Xc,X-type
20002100,16.23,2.3,0.4365,0.832,0.469,15.75,1.2,0.13,Xc,X-type
20002194,12.83,9.02,0.0411,2.328,2.232,8.52,2.42,0.19,Xc,X-type
20002204,12.17,25.16,0.4055,2.59,1.54,20.63,3.64,0.0232,X,X-type
20002271,11.08,31.229,0.0607,2.759,2.591,3.39,2.93,0.072,T,C-type
20002306,12.44,19.36,0.0621,2.732,2.563,4.23,2.9,0.13,X,X-type
20002349,11.41,18.801,0.1186,2.77,2.441,17.48,3.1,0.206,Xc,X-type
20002390,12.32,22.81,0.146,2.619,2.237,10.33,3.0,0.044,X,X-type
20002468,13.3,6.224,0.1569,2.326,1.961,5.72,2.69,0.346,V,S-type
20002508,13.27,4.896,0.1279,2.368,2.065,6.08,2.67,0.293,V,S-type
20002511,12.79,7.849,0.1049,2.298,2.057,8.05,2.54,0.287,V,S-type
20002547,13.68,19.606916666666667,0.1292,2.385,2.077,6.19,2.69,0.3719657142857143,V,S-type
20002560,12.12,17.976,0.0335,2.75,2.658,5.95,2.84,0.099,Xc,X-type
20002566,12.48,7.816,0.0764,2.45,2.263,5.08,2.64,0.264,V,S-type
20002567,12.01,15.938,0.1402,2.738,2.354,8.92,3.12,0.159,Xc,X-type
20002579,13.61,4.604,0.0743,2.211,2.047,5.78,2.38,0.526,V,S-type
20002582,10.73,28.87,0.063,3.203,3.001,18.12,3.41,0.1337,Xc,X-type
20002640,13.21,19.606916666666667,0.0901,2.397,2.181,6.66,2.61,0.3719657142857143,V,S-type
20002653,12.43,9.882,0.0812,2.443,2.245,4.75,2.64,0.256,V,S-type
20002704,13.01,5.199,0.0974,2.385,2.152,4.52,2.62,0.596,V,S-type
20002736,13.27,3.976,0.0845,2.29,2.097,7.46,2.48,0.848,Xc,X-type
20002763,12.42,7.514,0.2187,2.403,1.878,3.54,2.93,0.412,V,S-type
20002795,13.11,5.882,0.0293,2.296,2.229,6.04,2.36,0.353,V,S-type
20002813,10.96,32.04,0.1548,3.134,2.649,14.77,3.62,0.044,T,C-type
20002851,12.48,8.838,0.1221,2.479,2.177,8.54,2.78,0.358,V,S-type
20002857,12.66,9.313,0.0937,2.401,2.176,5.73,2.63,0.169,T,C-type
20002861,12.94,16.576,0.0734,2.472,2.291,4.04,2.65,0.07,Xc,X-type
20002879,12.06,21.762,0.1446,2.767,2.367,10.72,3.17,0.115,X,X-type
20002906,10.52,58.678,0.1035,3.169,2.841,30.68,3.5,0.051,Xc,X-type
20002912,12.89,6.519,0.0702,2.29,2.129,7.28,2.45,0.456,V,S-type
20002929,11.85,16.176,0.0653,3.125,2.921,14.88,3.33,0.155,T,C-type
20002996,12.28,20.381,0.0304,2.782,2.698,3.66,2.87,0.067,Xc,X-type
20003007,12.8,11.468,0.1341,2.367,2.05,8.34,2.68,0.147,X,X-type
20003155,12.57,19.606916666666667,0.101,2.343,2.106,7.19,2.58,0.3719657142857143,V,S-type
20003214,11.71,18.442,0.0594,3.012,2.833,11.51,3.19,0.136,Xc,X-type
20003224,11.75,24.9,0.1651,2.786,2.326,4.32,3.25,0.045,X,X-type
20003254,11.37,31.104,0.1538,3.966,3.356,4.41,4.58,0.073,T,C-type
20003256,12.58,20.551,0.0975,2.777,2.507,7.83,3.05,0.037,X,X-type
20003262,11.28,22.627,0.0671,3.007,2.805,9.46,3.21,0.151,X,X-type
20003265,13.3,5.909,0.1419,2.411,2.069,6.93,2.75,0.384,V,S-type
20003307,14.04,3.628,0.096,2.259,2.042,6.38,2.48,0.444,V,S-type
20003311,12.42,17.336,0.037,2.79,2.687,0.93,2.89,0.039,T,C-type
20003317,8.43,118.79,0.1283,5.229,4.558,27.85,5.9,0.055,T,C-type
20003367,12.53,9.607,0.0645,2.785,2.605,5.33,2.96,0.101,X,X-type
20003406,12.11,16.058,0.1327,2.795,2.424,8.39,3.17,0.224,X,X-type
20003440,12.71,10.588,0.0587,2.803,2.638,7.53,2.97,0.173,X,X-type
20003443,13.29,8.852,0.3061,2.395,1.662,12.7,3.13,0.132,T,C-type
20003451,8.49,126.288,0.0756,5.19,4.798,24.59,5.58,0.044,X,X-type
20003498,14.24,3.3,0.1018,2.355,2.115,6.24,2.59,0.646,V,S-type
20003536,14.15,3.145,0.0485,2.343,2.229,6.54,2.46,0.197,V,S-type
20003567,13.2,14.531,0.3134,2.784,1.911,6.83,3.66,0.047,Xc,X-type
20003575,12.26,11.735,0.1258,2.747,2.401,7.78,3.09,0.12,X,X-type
20003670,12.39,18.894,0.0191,2.742,2.689,6.44,2.79,0.065,X,X-type
20003686,12.53,17.744,0.1477,2.74,2.336,5.73,3.15,0.059,X,X-type
20003691,14.95,4.3,0.2844,1.774,1.27,20.35,2.28,0.515,Xc,X-type
20003759,12.09,32.15,0.1162,2.719,2.403,13.05,3.04,0.0297,X,X-type
20003762,13.62,3.898,0.0781,2.274,2.096,1.46,2.45,0.507,X,X-type
20003782,12.83,5.924,0.0926,2.416,2.193,5.25,2.64,0.418,V,S-type
20003849,13.21,5.798,0.0489,2.474,2.353,5.77,2.59,0.398,V,S-type
20003850,13.68,19.606916666666667,0.1624,2.234,1.871,5.27,2.6,0.3719657142857143,V,S-type
20003865,12.97,7.972,0.0782,2.4,2.212,6.55,2.59,0.088,Xc,X-type
20003900,13.39,4.959,0.1377,2.371,2.045,6.71,2.7,0.413,V,S-type
20003908,17.45,1.0,0.4592,1.928,1.042,2.19,2.81,0.23,V,S-type
20003958,12.35,6.084,0.2096,2.467,1.95,4.82,2.98,0.61,Xc,X-type
20003976,11.8,29.049,0.07,2.759,2.566,12.71,2.95,0.046,X,X-type
20003985,11.64,19.631,0.0986,2.851,2.57,16.29,3.13,0.106,X,X-type
20004055,14.94,2.49,0.3261,1.82,1.227,23.25,2.41,0.31,V,S-type
20004188,13.0,6.588,0.1507,2.335,1.983,6.12,2.69,0.338,V,S-type
20004215,12.89,6.551,0.0639,2.416,2.262,5.75,2.57,0.412,V,S-type
20004256,13.26,7.559,0.0708,2.351,2.184,3.04,2.52,0.233,Xc,X-type
20004311,13.88,3.953,0.147,2.442,2.083,5.48,2.8,0.41,V,S-type
20004342,12.66,19.18,0.0898,2.765,2.517,6.08,3.01,0.051,Xc,X-type
20004434,13.25,5.116,0.1331,2.44,2.115,5.71,2.77,0.354,V,S-type
20004461,11.47,17.233,0.1299,2.853,2.482,16.02,3.22,0.136,X,X-type
20004547,11.95,33.036,0.0679,2.614,2.436,18.03,2.79,0.039,X,X-type
20004548,14.05,5.22,0.0645,2.285,2.138,8.28,2.43,0.179,Xc,X-type
20004688,19.6,0.6,0.5179,2.232,1.076,6.38,3.39,0.18,V,S-type
20004750,14.12,8.666,0.0896,2.184,1.989,4.9,2.38,0.069,X,X-type
20004786,13.45,3.282,0.1953,2.357,1.897,7.25,2.82,0.514,Xc,X-type
20004796,13.73,19.606916666666667,0.18,2.355,1.931,2.27,2.78,0.3719657142857143,V,S-type
20004838,13.09,10.251,0.1445,2.352,2.012,8.89,2.69,0.143,Xc,X-type
20004839,13.28,8.141,0.071,2.436,2.263,7.57,2.61,0.202,Xc,X-type
20004845,13.33,7.838,0.0685,2.4,2.236,7.58,2.56,0.182,X,X-type
20004900,13.58,4.654,0.1291,2.379,2.072,5.94,2.69,0.514,V,S-type
20004942,13.7,3.453,0.1356,2.201,1.903,3.83,2.5,0.936,X,X-type
20004977,14.13,3.862,0.1125,2.292,2.034,5.88,2.55,0.392,V,S-type
20004993,13.72,19.606916666666667,0.0615,2.369,2.223,6.94,2.51,0.3719657142857143,V,S-type
20005087,13.29,13.132,0.0066,2.746,2.728,4.91,2.76,0.051,X,X-type
20005103,13.35,11.919,0.0161,2.749,2.705,4.89,2.79,0.074,X,X-type
20005240,12.92,7.021,0.101,2.382,2.142,5.62,2.62,0.393,V,S-type
20005294,12.16,12.655,0.13,2.868,2.495,17.78,3.24,0.21,X,X-type
20005379,12.99,6.254,0.0563,2.396,2.261,3.8,2.53,0.284,V,S-type
20005467,13.02,10.351,0.1698,2.808,2.331,8.75,3.28,0.101,X,X-type
20005588,12.77,10.931,0.1403,2.785,2.394,12.36,3.18,0.162,X,X-type
20005604,17.38,0.55,0.4061,0.9286,0.552,4.71,1.31,0.48,V,S-type
20005632,12.06,13.375,0.0852,2.743,2.509,18.19,2.98,0.23,Xc,X-type
20005646,15.51,4.3,0.4357,2.144,1.21,7.91,3.08,0.223,U,C-type
20005751,14.95,2.3,0.4254,2.101,1.207,16.07,3.0,0.36,X,X-type
20006611,16.9,1.408,0.4846,1.696,0.874,8.7,2.52,0.158,V,S-type
20007474,18.11,51.773719008264464,0.2923,1.565,1.108,7.09,2.02,0.1318561983471074,X,X-type
20007888,15.19,2.298,0.6631,2.438,0.821,26.07,4.05,0.257,U,C-type
20007889,15.3,1.68,0.3463,1.262,0.825,36.91,1.7,0.452,V,S-type
20008566,16.48,1.568,0.4302,1.506,0.858,37.97,2.15,0.217,U,C-type
20010302,19.45,51.773719008264464,0.137,1.273,1.098,4.38,1.45,0.1318561983471074,X,X-type
20011785,12.96,15.113,0.0651,2.781,2.6,7.72,2.96,0.075,Xc,X-type
20012281,13.01,15.985,0.0156,2.739,2.697,6.35,2.78,0.04,X,X-type
20015817,18.47,50.778919354838706,0.1182,1.324,1.168,13.87,1.48,0.1637967741935484,Xc,X-type
20017511,17.32,51.773719008264464,0.3587,1.19,0.763,9.58,1.62,0.1318561983471074,X,X-type
20018514,16.13,50.778919354838706,0.4726,2.568,1.354,24.92,3.78,0.1637967741935484,Xc,X-type
20020043,15.76,2.722,0.058,1.969,1.855,18.26,2.08,0.2323333333333333,U,C-type
20048603,17.82,0.844,0.4299,1.918,1.093,5.03,2.74,0.227,X,X-type
20085490,14.81,62.64466666666667,0.6601,3.764,1.279,2.58,6.25,0.0824666666666666,T,C-type
20137052,17.06,19.606916666666667,0.8097,1.248,0.237,14.91,2.26,0.3719657142857143,V,S-type
20137805,16.73,2.243,0.5583,0.8294,0.366,16.75,1.29,0.027,X,X-type
20138911,19.44,62.64466666666667,0.0816,1.35,1.239,1.66,1.46,0.0824666666666666,T,C-type
20141079,17.76,50.778919354838706,0.8283,1.164,0.2,28.55,2.13,0.1637967741935484,Xc,X-type
20152563,19.71,0.272,0.2716,0.9079,0.661,7.25,1.15,0.287,Xc,X-type
20153201,19.3,0.51,0.7808,0.9111,0.2,7.77,1.62,0.129,X,X-type
20162157,19.95,19.606916666666667,0.3515,1.297,0.841,15.27,1.75,0.3719657142857143,V,S-type
20162998,18.17,0.875,0.4743,1.926,1.013,1.68,2.84,0.161,T,C-type
20192563,17.34,19.606916666666667,0.4078,1.452,0.86,24.76,2.04,0.3719657142857143,V,S-type
20194006,20.46,51.773719008264464,0.4243,1.449,0.834,4.26,2.06,0.1318561983471074,X,X-type
20194268,18.34,1.244,0.7875,1.453,0.309,5.44,2.6,0.055,X,X-type
20207970,18.13,51.773719008264464,0.5319,2.629,1.231,3.39,4.03,0.1318561983471074,X,X-type
20228368,18.63,51.773719008264464,0.702,1.479,0.441,14.73,2.52,0.1318561983471074,X,X-type
20350513,18.05,1.77,0.5566,2.675,1.186,12.41,4.16,0.043,X,X-type
20354127,19.3,51.773719008264464,0.3945,1.697,1.027,30.23,2.37,0.1318561983471074,X,X-type
20380188,18.84,1.312,0.5823,2.674,1.117,9.93,4.23,0.037,X,X-type
20405058,14.38,5.6,0.6005,3.574,1.428,8.14,5.72,0.181,X,X-type
20415690,16.5,51.773719008264464,0.5679,3.103,1.341,16.25,4.87,0.1318561983471074,X,X-type
20483423,20.53,19.606916666666667,0.6818,1.43,0.455,3.46,2.41,0.3719657142857143,V,S-type
20506437,18.27,50.778919354838706,0.7177,3.138,0.886,10.26,5.39,0.1637967741935484,Xc,X-type
20516398,20.36,51.773719008264464,0.2529,1.526,1.14,18.99,1.91,0.1318561983471074,X,X-type
20524392,17.81,51.773719008264464,0.7542,2.02,0.497,9.18,3.54,0.1318561983471074,X,X-type
20612050,19.14,19.606916666666667,0.7844,2.27,0.489,6.68,4.05,0.3719657142857143,V,S-type
3009717,20.68,50.778919354838706,0.368,0.9132,0.577,31.7,1.25,0.1637967741935484,Xc,X-type
3022035,20.2,19.606916666666667,0.5707,2.43,1.043,3.81,3.82,0.3719657142857143,V,S-type
3024682,20.28,51.773719008264464,0.6193,3.222,1.226,6.89,5.22,0.1318561983471074,X,X-type
3034813,19.57,51.773719008264464,0.5869,2.6,1.074,17.7,4.13,0.1318561983471074,X,X-type
3076783,21.0,51.773719008264464,0.5763,2.433,1.031,6.86,3.84,0.1318561983471074,X,X-type
3092381,20.3,51.773719008264464,0.5222,2.358,1.127,2.53,3.59,0.1318561983471074,X,X-type
3092397,21.3,51.773719008264464,0.6271,2.742,1.023,30.45,4.46,0.1318561983471074,X,X-type
3092496,20.36,62.64466666666667,0.6665,3.175,1.059,5.37,5.29,0.0824666666666666,T,C-type
3092504,20.23,51.773719008264464,0.4255,2.042,1.173,15.02,2.91,0.1318561983471074,X,X-type
3102706,20.9,62.64466666666667,0.5017,1.912,0.953,4.46,2.87,0.0824666666666666,T,C-type
3102771,24.5,51.773719008264464,0.2475,1.177,0.886,7.61,1.47,0.1318561983471074,X,X-type
3102786,20.1,0.84,0.4446,1.832,1.018,16.22,2.65,0.023,X,X-type
20000064,7.79,58.292,0.1263,2.682,2.343,1.31,3.02,0.483,Xe,X-type
20000071,7.24,83.42,0.1768,2.754,2.267,23.24,3.24,0.3052,Xe,X-type
20000077,8.63,61.39,0.1339,2.669,2.312,2.42,3.03,0.177,Xe,X-type
20000132,8.96,42.87,0.3868,2.612,1.601,24.98,3.62,0.199,Xe,X-type
20000136,9.78,36.893,0.0844,2.287,2.094,9.58,2.48,0.201,Xe,X-type
20000166,9.87,52.393,0.2105,2.687,2.121,12.02,3.25,0.046,Xe,X-type
20000216,7.11,122.0,0.2508,2.794,2.093,13.12,3.49,0.1164,Xe,X-type
20000317,9.78,18.648,0.0861,2.286,2.089,1.77,2.48,0.926,Xe,X-type
20000396,10.09,39.242,0.1594,2.742,2.305,2.55,3.18,0.126,Xe,X-type
20000434,11.24,8.934,0.074,1.944,1.8,22.51,2.09,0.726,Xe,X-type
20000543,9.48,45.613,0.1512,3.061,2.598,8.46,3.52,0.144,Xe,X-type
20000731,9.73,34.597,0.1434,2.984,2.556,10.7,3.41,0.209,Xe,X-type
20000815,10.85,16.869,0.073,2.658,2.464,13.88,2.85,0.644,Xe,X-type
20001014,11.98,17.487,0.2042,2.8,2.228,2.27,3.37,0.083,Xe,X-type
20001025,12.53,4.605,0.0394,1.979,1.901,26.87,2.06,1.0,Xe,X-type
20001046,10.9,29.084,0.06,2.985,2.806,7.91,3.16,0.201,Xe,X-type
20001098,10.55,26.684,0.1163,2.689,2.377,13.39,3.0,0.206,Xe,X-type
20001155,12.02,9.284,0.1661,2.462,2.053,6.6,2.87,0.356,Xe,X-type
20001730,12.13,15.203,0.2234,2.784,2.162,9.49,3.41,0.192,Xe,X-type
20002001,13.06,3.975,0.0989,1.934,1.742,22.67,2.12,0.81,Xe,X-type
20002035,12.43,4.824,0.1317,1.884,1.636,27.76,2.13,0.649,Xe,X-type
20002507,11.79,16.193,0.0844,2.779,2.544,10.31,3.01,0.273,Xe,X-type
20003103,15.3,1.5,0.3542,1.404,0.907,20.93,1.9,0.64,Xe,X-type
20003169,12.86,4.662,0.0667,1.892,1.766,24.91,2.02,0.96,Xe,X-type
20004205,14.53,28.294035714285716,0.1493,1.726,1.469,16.48,1.98,0.3815071428571429,Xe,X-type
20004332,12.9,11.54,0.3142,2.586,1.774,19.17,3.4,0.2306,Xe,X-type
20004353,12.39,11.239,0.109,2.346,2.09,9.0,2.6,0.183,Xe,X-type
20004660,18.75,0.33,0.3587,1.485,0.952,1.45,2.02,0.55,Xe,X-type
20004701,13.27,14.462,0.1381,2.706,2.332,3.67,3.08,0.046,Xe,X-type
20006249,13.08,28.294035714285716,0.1421,1.915,1.643,28.11,2.19,0.3815071428571429,Xe,X-type
20000175,8.65,94.532,0.2319,3.185,2.447,3.22,3.92,0.094,Cg,C-type
20000414,9.66,88.76,0.0743,3.503,3.243,9.56,3.76,0.027,Cg,C-type
20000569,9.99,72.95,0.179,2.659,2.183,1.29,3.13,0.0297,Cg,C-type
20001300,11.65,28.194,0.0073,2.781,2.761,9.55,2.8,0.031,Cg,C-type
20001692,11.43,36.075,0.1365,2.788,2.407,2.43,3.17,0.049,Cg,C-type
20001695,12.58,18.953,0.289,2.784,1.98,16.69,3.59,0.042,Cg,C-type
20003090,13.21,14.345,0.0737,3.174,2.94,9.56,3.41,0.124,Cg,C-type
20003885,13.0,15.049,0.0723,2.754,2.555,5.32,2.95,0.055,Cg,C-type
20004036,13.16,11.036,0.1465,2.802,2.392,4.68,3.21,0.11,Cg,C-type
20000001,3.34,939.4,0.0792,2.767,2.548,10.59,2.99,0.09,C,C-type
20000010,5.64,407.12,0.1104,3.141,2.794,3.83,3.49,0.0717,C,C-type
20000035,8.7,103.055,0.2188,3.01,2.351,7.86,3.67,0.066,C,C-type
20000045,7.78,202.327,0.083,2.72,2.494,6.61,2.95,0.045,C,C-type
20000052,6.66,303.918,0.1117,3.092,2.747,7.48,3.44,0.057,C,C-type
20000054,7.98,160.12,0.1969,2.713,2.179,11.8,3.25,0.059,C,C-type
20000074,8.94,118.71,0.2362,2.78,2.123,4.07,3.44,0.0431,C,C-type
20000090,8.45,115.974,0.1711,3.145,2.607,2.21,3.68,0.058,C,C-type
20000093,7.9,154.155,0.1422,2.755,2.363,8.54,3.15,0.056,C,C-type
20000094,7.73,204.89,0.0957,3.154,2.852,7.97,3.46,0.0395,C,C-type
20000102,9.48,82.595,0.2508,2.662,1.995,5.17,3.33,0.051,C,C-type
20000120,7.83,155.132,0.0488,3.126,2.974,6.93,3.28,0.058,C,C-type
20000128,7.7,162.515,0.1274,2.749,2.399,6.25,3.1,0.067,C,C-type
20000147,8.76,132.93,0.0223,3.138,3.068,1.93,3.21,0.0492,C,C-type
20000154,7.68,192.611,0.0769,3.194,2.949,21.02,3.44,0.044,C,C-type
20000160,9.1,81.24,0.0659,2.727,2.547,3.82,2.91,0.0625,C,C-type
20000171,8.65,130.808,0.1324,3.129,2.714,2.55,3.54,0.076,C,C-type
20000185,7.64,160.464,0.1271,2.739,2.391,23.25,3.09,0.062,C,C-type
20000194,7.87,161.667,0.2371,2.616,1.996,18.51,3.24,0.057,C,C-type
20000206,8.95,113.0,0.04,2.74,2.63,3.78,2.85,0.057,C,C-type
20000240,9.17,87.928,0.2092,2.664,2.107,2.11,3.22,0.031,C,C-type
20000275,9.05,103.0,0.1629,2.771,2.319,4.76,3.22,0.049,C,C-type
20000301,10.54,53.042,0.0658,2.725,2.545,4.9,2.9,0.057,C,C-type
20000331,9.95,74.92,0.0956,3.027,2.738,6.04,3.32,0.0447,C,C-type
20000360,8.52,129.125,0.1738,3.005,2.483,11.74,3.53,0.043,C,C-type
20000365,9.25,86.773,0.1558,2.803,2.366,12.8,3.24,0.05,C,C-type
20000379,9.13,84.787,0.1794,3.143,2.579,1.67,3.71,0.046,C,C-type
20000386,7.76,165.01,0.1693,2.898,2.407,20.22,3.39,0.0692,C,C-type
20000388,8.72,125.754,0.0652,3.004,2.808,6.45,3.2,0.042,C,C-type
20000398,10.76,49.771,0.2244,2.737,2.123,9.56,3.35,0.054,C,C-type
20000412,9.17,96.056,0.041,2.763,2.649,13.78,2.88,0.044,C,C-type
20000423,7.41,175.859,0.0342,3.067,2.962,11.24,3.17,0.067,C,C-type
20000425,9.79,67.925,0.0571,2.886,2.721,4.05,3.05,0.042,C,C-type
20000444,8.07,159.331,0.1737,2.772,2.29,10.27,3.25,0.051,C,C-type
20000464,9.76,77.056,0.2041,2.803,2.231,10.16,3.38,0.045,C,C-type
20000479,9.82,60.088,0.218,2.721,2.128,8.68,3.31,0.071,C,C-type
20000491,9.04,91.176,0.0834,3.191,2.925,18.87,3.46,0.037,C,C-type
20000511,6.41,270.327,0.1894,3.163,2.564,15.94,3.76,0.076,C,C-type
20000551,9.82,81.113,0.1188,2.969,2.616,0.39,3.32,0.04,C,C-type
20000572,10.93,28.903,0.1567,2.4,2.024,10.58,2.78,0.089,C,C-type
20000601,9.69,75.535,0.1054,3.137,2.806,16.13,3.47,0.043,C,C-type
20000614,11.06,29.191,0.1086,2.695,2.402,7.02,2.99,0.094,C,C-type
20000688,11.0,41.614,0.1381,2.698,2.326,10.24,3.07,0.068,C,C-type
20000705,8.49,132.261,0.0516,2.923,2.772,25.02,3.07,0.031,C,C-type
20000713,9.11,97.968,0.1545,3.403,2.877,10.34,3.93,0.048,C,C-type
20000723,10.17,23.456,0.0562,2.992,2.824,4.99,3.16,0.352,C,C-type
20000747,8.04,171.71,0.3398,3.0,1.981,18.22,4.02,0.0503,C,C-type
20000783,11.14,38.719,0.2309,2.341,1.801,9.34,2.88,0.034,C,C-type
20000784,9.31,75.596,0.241,3.099,2.352,12.28,3.85,0.086,C,C-type
20000795,10.1,85.263,0.1008,2.75,2.473,19.04,3.03,0.027,C,C-type
20000804,8.04,137.952,0.1418,2.836,2.434,15.39,3.24,0.054,C,C-type
20000814,8.76,102.229,0.3049,3.16,2.197,21.79,4.12,0.054,C,C-type
20000826,11.77,22.556,0.2047,2.713,2.157,7.1,3.27,0.166,C,C-type
20000845,10.14,52.677,0.0688,2.939,2.737,12.61,3.14,0.041,C,C-type
20000856,10.93,45.449,0.1188,2.435,2.146,14.33,2.72,0.045,C,C-type
20000886,9.45,86.793,0.2714,3.167,2.308,16.87,4.03,0.078,C,C-type
20000912,9.43,82.675,0.1795,3.13,2.568,18.31,3.69,0.039,C,C-type
20000919,11.67,33.5,0.0845,2.772,2.538,8.17,3.01,0.047,C,C-type
20000971,10.1,60.867,0.1638,2.64,2.208,13.8,3.07,0.046,C,C-type
20001017,11.11,40.152,0.0763,2.605,2.407,7.93,2.8,0.052,C,C-type
20001041,10.32,60.571,0.1457,3.07,2.623,13.94,3.52,0.047,C,C-type
20001076,12.22,22.298,0.1467,2.474,2.111,3.32,2.84,0.041,C,C-type
20001128,11.14,41.851,0.0439,2.787,2.664,1.01,2.91,0.031,C,C-type
20001176,11.5,17.489,0.1424,2.692,2.308,6.65,3.08,0.031,C,C-type
20001262,10.3,71.011,0.0038,3.002,2.99,13.13,3.01,0.028,C,C-type
20001264,9.67,66.04,0.157,2.863,2.414,24.98,3.31,0.041,C,C-type
20001271,10.62,47.524,0.1211,3.141,2.76,6.68,3.52,0.031,C,C-type
20001294,10.69,37.199,0.2317,2.689,2.066,8.72,3.31,0.117,C,C-type
20001301,11.56,21.438,0.2711,2.765,2.015,34.04,3.51,0.111,C,C-type
20001343,11.13,23.793,0.115,2.569,2.273,6.03,2.86,0.136,C,C-type
20001427,11.46,35.406,0.2102,2.75,2.172,9.34,3.33,0.034,C,C-type
20001508,12.23,63.849331034482745,0.419,2.768,1.608,28.73,3.93,0.0793583333333333,C,C-type
20001510,11.75,24.507,0.1495,2.67,2.271,11.83,3.07,0.118,C,C-type
20001520,10.59,53.435,0.0948,3.111,2.816,15.28,3.41,0.062,C,C-type
20001560,11.64,23.825,0.2119,2.686,2.117,6.28,3.26,0.081,C,C-type
20001567,9.77,69.242,0.0822,3.21,2.946,17.28,3.47,0.059,C,C-type
20001716,12.05,26.656,0.0927,2.733,2.479,5.74,2.99,0.044,C,C-type
20001766,12.46,19.099,0.0867,2.75,2.511,5.23,2.99,0.058,C,C-type
20001768,12.66,20.221,0.1798,2.449,2.009,3.25,2.89,0.032,C,C-type
20001923,13.59,13.461,0.0631,2.435,2.282,4.96,2.59,0.031,C,C-type
20001989,12.58,9.603,0.0755,2.352,2.174,7.77,2.53,0.192,C,C-type
20002106,12.63,16.518,0.0954,2.703,2.445,8.04,2.96,0.073,C,C-type
20002161,12.32,15.857,0.1626,2.747,2.3,7.3,3.19,0.074,C,C-type
20002169,12.7,19.263,0.051,2.787,2.645,1.53,2.93,0.042,C,C-type
20002231,12.61,15.818,0.2526,2.726,2.038,8.24,3.42,0.053,C,C-type
20002244,11.96,24.377,0.1815,2.81,2.3,7.82,3.32,0.05,C,C-type
20002258,12.07,26.255,0.0787,2.694,2.482,1.48,2.91,0.049,C,C-type
20002316,13.04,12.95,0.168,2.45,2.038,1.82,2.86,0.065,C,C-type
20002328,13.29,12.895,0.1454,2.342,2.002,10.01,2.68,0.074,C,C-type
20002331,12.78,5.713,0.2199,2.427,1.893,3.7,2.96,0.713,C,C-type
20002346,12.5,10.42,0.1562,2.372,2.002,5.92,2.74,0.227,C,C-type
20002444,11.99,29.925,0.1308,2.728,2.371,15.12,3.08,0.05,C,C-type
20002455,12.1,16.099,0.0861,2.727,2.493,7.53,2.96,0.142,C,C-type
20002509,12.97,16.784,0.1942,2.457,1.98,2.85,2.93,0.041,C,C-type
20002720,14.26,8.933,0.2034,2.331,1.856,3.29,2.8,0.061,C,C-type
20002730,11.87,15.83,0.1318,2.719,2.361,6.43,3.08,0.162,C,C-type
20002807,13.07,16.866,0.184,2.792,2.279,7.87,3.31,0.057,C,C-type
20002892,10.3,69.492,0.2034,3.174,2.529,17.01,3.82,0.03,C,C-type
20002930,13.16,14.867,0.0235,2.78,2.715,4.06,2.85,0.05,C,C-type
20003037,11.82,29.876,0.1863,2.675,2.177,19.01,3.17,0.044,C,C-type
20003096,12.82,17.122,0.1939,2.668,2.151,12.15,3.19,0.044,C,C-type
20003137,13.46,6.685,0.1906,2.4,1.943,2.48,2.86,0.207,C,C-type
20003179,12.11,20.835,0.163,3.087,2.584,1.76,3.59,0.071,C,C-type
20003192,13.94,4.361,0.1706,2.376,1.97,2.88,2.78,0.283,C,C-type
20003345,12.3,21.698,0.1924,2.471,1.995,15.87,2.95,0.041,C,C-type
20003365,12.6,17.716,0.1762,2.709,2.232,7.8,3.19,0.069,C,C-type
20003375,14.13,6.721,0.0258,2.173,2.116,1.08,2.23,0.125,C,C-type
20003389,12.7,20.768,0.1408,2.773,2.382,7.06,3.16,0.045,C,C-type
20003435,13.47,7.251,0.0461,2.324,2.217,7.72,2.43,0.212,C,C-type
20003542,12.6,18.437,0.0841,3.175,2.908,8.08,3.44,0.106,C,C-type
20003587,12.97,14.594,0.0369,2.705,2.605,7.83,2.8,0.059,C,C-type
20003642,11.28,31.899,0.0788,2.788,2.568,13.45,3.01,0.071,C,C-type
20003645,12.55,19.928,0.0806,2.701,2.484,7.13,2.92,0.059,C,C-type
20003684,14.04,12.37,0.1521,2.288,1.94,6.82,2.64,0.0504,C,C-type
20003796,12.07,19.23,0.1507,2.698,2.292,6.52,3.1,0.097,C,C-type
20003827,13.21,11.798,0.1288,2.74,2.387,4.09,3.09,0.104,C,C-type
20003886,12.79,18.553,0.1028,2.773,2.488,5.06,3.06,0.033,C,C-type
20004107,12.25,12.854,0.2028,2.556,2.037,17.53,3.07,0.169,C,C-type
20004265,13.24,14.244,0.2002,2.427,1.942,4.36,2.91,0.056,C,C-type
20004292,12.38,24.695,0.0495,2.75,2.614,3.55,2.89,0.038,C,C-type
20004304,14.25,8.432,0.1495,2.451,2.085,3.07,2.82,0.091,C,C-type
20004584,13.36,14.551,0.2009,2.79,2.23,7.67,3.35,0.091,C,C-type
20004719,12.81,10.298,0.1767,2.696,2.22,7.46,3.17,0.164,C,C-type
20004804,12.28,15.427,0.116,2.691,2.379,8.64,3.0,0.129,C,C-type
20004969,12.9,6.712,0.3627,2.757,1.757,31.45,3.76,0.171,C,C-type
20005091,12.77,14.319,0.0104,2.785,2.756,3.21,2.81,0.071,C,C-type
20005243,13.28,13.947,0.1779,2.775,2.281,7.49,3.27,0.046,C,C-type
20005349,13.25,63.849331034482745,0.4688,2.784,1.479,28.48,4.09,0.0793583333333333,C,C-type
20005364,13.44,12.248,0.2008,2.457,1.964,3.12,2.95,0.092,C,C-type
20005416,12.99,19.006,0.2337,2.783,2.133,8.39,3.43,0.036,C,C-type
20005438,11.89,28.072,0.2744,2.748,1.994,26.51,3.5,0.056,C,C-type
20005678,14.05,5.945,0.2736,2.732,1.984,34.08,3.48,0.318,C,C-type
20005956,13.24,12.277,0.292,2.711,1.92,8.97,3.5,0.097,C,C-type
20006005,13.29,9.179,0.1477,2.701,2.302,7.63,3.1,0.145,C,C-type
20006230,13.66,12.834,0.082,2.782,2.554,3.27,3.01,0.047,C,C-type
20006716,13.33,15.985,0.0586,2.79,2.626,4.65,2.95,0.052,C,C-type
20006906,13.29,11.211,0.2704,2.741,2.0,10.44,3.48,0.089,C,C-type
20006907,12.93,12.137,0.1934,2.743,2.212,9.07,3.27,0.1,C,C-type
20007604,13.3,63.849331034482745,0.5741,3.114,1.326,20.44,4.9,0.0793583333333333,C,C-type
20007817,13.48,12.246,0.0443,2.785,2.661,0.56,2.91,0.058,C,C-type
20008008,13.36,12.656,0.0791,2.781,2.561,1.35,3.0,0.076,C,C-type
20008450,13.35,11.191,0.0897,2.749,2.502,4.87,3.0,0.058,C,C-type
20014402,18.77,0.6,0.4016,1.715,1.026,11.41,2.4,0.14,C,C-type
20016064,16.86,4.106,0.5894,2.849,1.17,4.54,4.53,0.02,C,C-type
20065706,16.57,63.849331034482745,0.5554,2.398,1.066,9.63,3.73,0.0793583333333333,C,C-type
20085774,19.09,0.939,0.3288,1.403,0.942,13.59,1.86,0.042,C,C-type
20136793,18.35,63.849331034482745,0.4653,1.147,0.613,17.37,1.68,0.0793583333333333,C,C-type
20162567,19.97,0.335,0.2501,1.247,0.935,13.75,1.56,0.173,C,C-type
20175706,18.32,1.196,0.3501,1.055,0.686,1.97,1.42,0.072,C,C-type
20308635,21.91,0.4,0.4305,1.157,0.659,0.34,1.65,0.0793583333333333,C,C-type
20370061,17.82,63.849331034482745,0.693,1.816,0.557,54.62,3.07,0.0793583333333333,C,C-type
20446804,19.6,63.849331034482745,0.3706,1.733,1.091,19.48,2.38,0.0793583333333333,C,C-type
20000002,4.11,513.0,0.2304,2.77,2.132,34.92,3.41,0.155,B,C-type
20000024,7.25,198.0,0.1153,3.143,2.78,0.74,3.51,0.067,B,C-type
20000047,8.19,168.174,0.131,2.885,2.507,4.97,3.26,0.082,B,C-type
20000059,8.12,165.119,0.1168,2.714,2.397,8.65,3.03,0.044,B,C-type
20000085,7.95,154.79,0.1934,2.654,2.141,11.96,3.17,0.0666,B,C-type
20000088,7.28,232.0,0.1634,2.771,2.319,5.22,3.22,0.0671,B,C-type
20000142,10.57,54.812,0.1331,2.421,2.099,2.24,2.74,0.047,B,C-type
20000213,9.13,82.096,0.1442,2.757,2.359,6.8,3.15,0.092,B,C-type
20000241,7.8,168.9,0.106,3.047,2.724,5.52,3.37,0.0575,B,C-type
20000282,11.15,39.03,0.0813,2.339,2.149,9.04,2.53,0.0502,B,C-type
20000335,9.12,97.109,0.1719,2.475,2.05,5.1,2.9,0.049,B,C-type
20000372,7.4,173.642,0.2527,3.161,2.362,23.78,3.96,0.059,B,C-type
20000383,10.08,43.482,0.1687,3.139,2.609,2.66,3.67,0.04,B,C-type
20000431,9.1,101.9,0.1706,3.138,2.603,1.83,3.67,0.055,B,C-type
20000531,12.06,17.804,0.1992,2.783,2.228,34.03,3.34,0.101,B,C-type
20000541,10.3,60.147,0.053,2.814,2.665,6.02,2.96,0.055,B,C-type
20000555,10.94,31.04,0.1554,3.179,2.685,2.67,3.67,0.119,B,C-type
20000560,10.97,35.334,0.1577,2.753,2.319,8.45,3.19,0.062,B,C-type
20000702,7.5,190.98,0.0157,3.193,3.143,20.6,3.24,0.061,B,C-type
20000704,6.35,306.313,0.1556,3.056,2.58,17.32,3.53,0.078,B,C-type
20000767,10.21,43.039,0.1846,3.124,2.547,2.41,3.7,0.095,B,C-type
20000895,8.34,109.568,0.1428,3.203,2.746,26.09,3.66,0.071,B,C-type
20001021,9.03,100.765,0.2841,2.739,1.961,15.86,3.52,0.045,B,C-type
20001331,10.69,36.824,0.1896,3.1,2.512,3.1,3.69,0.121,B,C-type
20001474,12.38,59.57508774193549,0.4887,2.737,1.4,26.67,4.08,0.092116129032258,B,C-type
20001484,10.84,40.871,0.2069,2.737,2.17,17.3,3.3,0.015,B,C-type
20001539,11.26,26.791,0.1924,3.143,2.539,1.73,3.75,0.142,B,C-type
20001655,11.11,35.943,0.2311,2.785,2.141,9.58,3.43,0.045,B,C-type
20001705,13.31,11.969,0.2449,2.3,1.737,7.71,2.86,0.089,B,C-type
20001724,11.52,38.476,0.0582,2.713,2.555,12.22,2.87,0.037,B,C-type
20002382,11.97,17.268,0.3298,2.764,1.852,30.99,3.68,0.113,B,C-type
20002446,13.25,12.954,0.1623,2.354,1.972,3.31,2.74,0.079,B,C-type
20002527,13.35,13.114,0.1855,2.466,2.009,2.62,2.92,0.05,B,C-type
20002629,15.15,4.747,0.2289,1.74,1.342,23.44,2.14,0.066,B,C-type
20002659,11.78,27.878,0.1008,3.128,2.813,1.34,3.44,0.05,B,C-type
20002708,12.21,20.085,0.179,3.079,2.527,2.78,3.63,0.084,B,C-type
20002772,14.01,9.595,0.2037,2.314,1.843,9.8,2.79,0.073,B,C-type
20002809,13.72,12.014,0.1803,2.429,1.991,2.47,2.87,0.037,B,C-type
20002816,12.13,28.256,0.1896,2.725,2.208,7.72,3.24,0.042,B,C-type
20002973,13.21,12.079,0.1538,2.468,2.088,1.56,2.85,0.05,B,C-type
20003000,13.95,9.838,0.1809,2.351,1.926,2.75,2.78,0.115,B,C-type
20003074,14.01,9.875,0.1112,2.339,2.079,2.42,2.6,0.07,B,C-type
20003200,14.4,6.25,0.8898,1.271,0.14,22.31,2.4,0.1066,B,C-type
20003566,13.17,14.765,0.1251,2.362,2.066,2.27,2.66,0.056,B,C-type
20003579,13.88,6.908,0.3546,2.734,1.764,31.15,3.7,0.12,B,C-type
20003581,12.31,59.57508774193549,0.4063,2.772,1.646,28.87,3.9,0.092116129032258,B,C-type
20003627,13.81,11.062,0.1487,2.348,1.999,9.71,2.7,0.055,B,C-type
20003647,11.65,26.754,0.1021,2.8,2.514,8.04,3.09,0.069,B,C-type
20004124,12.71,18.954,0.0336,2.789,2.695,3.59,2.88,0.054,B,C-type
20004396,13.91,4.723,0.1918,2.219,1.794,3.75,2.65,0.288,B,C-type
20004686,13.85,3.477,0.1592,2.364,1.988,4.47,2.74,0.699,B,C-type
20004997,13.21,9.86,0.3315,2.869,1.918,32.74,3.82,0.316,B,C-type
20005079,13.15,16.5,0.2055,2.641,2.098,10.78,3.18,0.0592,B,C-type
20005102,12.84,16.727,0.1952,2.801,2.254,8.1,3.35,0.041,B,C-type
20005133,12.12,22.674,0.2242,2.714,2.105,12.01,3.32,0.081,B,C-type
20005222,11.59,17.989,0.1447,2.775,2.373,34.55,3.18,0.202,B,C-type
20005234,12.25,14.125,0.1624,2.763,2.314,35.83,3.21,0.154,B,C-type
20005330,12.47,16.541,0.1561,2.764,2.333,33.75,3.2,0.123,B,C-type
20005344,13.38,10.835,0.1654,2.702,2.255,7.1,3.15,0.07,B,C-type
20005690,13.27,5.791,0.3804,2.799,1.734,29.01,3.86,0.041,B,C-type
20006500,12.74,9.487,0.418,2.754,1.603,29.32,3.91,0.151,B,C-type
20007753,18.02,59.57508774193549,0.4817,1.467,0.761,3.12,2.17,0.092116129032258,B,C-type
20025330,16.74,3.21,0.3708,1.541,0.969,14.33,2.11,0.052,B,C-type
20065679,19.62,0.918,0.2647,0.9148,0.673,1.3,1.16,0.033,B,C-type
20101955,20.21,0.48444,0.2037,1.126,0.897,6.03,1.36,0.044,B,C-type
20523972,18.66,59.57508774193549,0.5984,2.237,0.899,33.61,3.58,0.092116129032258,B,C-type
20000246,8.65,50.891,0.1082,2.694,2.403,15.62,2.99,0.193,A,S-type
20000289,9.75,37.586,0.2018,2.875,2.294,6.68,3.45,0.889,A,S-type
20000446,8.88,53.562,0.1248,2.787,2.44,10.62,3.14,0.317,A,S-type
20000863,9.14,38.724,0.0262,3.206,3.122,25.42,3.29,0.29,A,S-type
20001126,11.94,10.974,0.1472,2.272,1.938,6.5,2.61,0.432,A,S-type
20001600,12.69,7.413,0.0373,1.849,1.78,21.17,1.92,0.321,A,S-type
20001951,14.09,5.57,0.0616,1.39,1.305,39.09,1.48,0.0895,A,S-type
20002234,12.54,9.473,0.2013,2.698,2.155,25.24,3.24,0.284,A,S-type
20002423,13.57,4.899,0.2826,2.189,1.57,4.06,2.81,0.33,A,S-type
20002501,12.02,10.218,0.1985,2.42,1.94,3.3,2.9,0.281,A,S-type
20002715,11.69,13.252,0.1504,2.737,2.325,6.75,3.15,0.204,A,S-type
20002732,12.05,11.001,0.0248,2.759,2.691,6.5,2.83,0.305,A,S-type
20003352,15.97,17.470125,0.3691,1.879,1.185,4.77,2.57,0.32065625,A,S-type
20004142,13.17,6.018,0.1513,1.911,1.622,26.49,2.2,0.348,A,S-type
20004713,13.26,6.286,0.0737,1.926,1.784,22.67,2.07,0.381,A,S-type
20004982,13.33,7.975,0.1788,2.782,2.285,4.64,3.28,0.175,A,S-type
20005641,14.06,5.68,0.1264,1.82,1.59,22.2,2.05,0.291,A,S-type
